source,destination,contact_start(s),contact_end(s),data_rate(bps),delay(s),link_type 
lbcc,lrec1,0,-1,100000000,0.150,eth
lbcc,lrec2,0,-1,100000000,0.150,eth
lrcc,lrec1,0,-1,100000000,0.150,eth
lrcc,lrec2,0,-1,100000000,0.150,eth
lucc,lrec1,0,-1,100000000,0.150,eth
lucc,lrec2,0,-1,100000000,0.150,eth
lrec1,lbcc,0,-1,100000000,0.150,eth
lrec1,lrcc,0,-1,100000000,0.150,eth
lrec1,lucc,0,-1,100000000,0.150,eth
lrec1,lgs1,0,-1,100000000,0.150,eth
lrec1,lgs2,0,-1,100000000,0.150,eth
lrec1,lrec2,0,-1,100000000,0.150,eth
lrec2,lbcc,0,-1,100000000,0.150,eth
lrec2,lrcc,0,-1,100000000,0.150,eth
lrec2,lucc,0,-1,100000000,0.150,eth
lrec2,lgs1,0,-1,100000000,0.150,eth
lrec2,lgs2,0,-1,100000000,0.150,eth
lrec2,lrec1,0,-1,100000000,0.150,eth
lgs1,lrec1,0,-1,100000000,0.150,eth
lgs1,lrec2,0,-1,100000000,0.150,eth
lgs2,lrec1,0,-1,100000000,0.150,eth
lgs2,lrec2,0,-1,100000000,0.150,eth
lgs3,lrec1,0,-1,100000000,0.150,eth
lgs3,lrec2,0,-1,100000000,0.150,eth
lgw,lgwu,0,-1,100000000,0.150,eth
lgwu,lgw,0,-1,100000000,0.150,eth
lgw,lgs2,0.0,14856.927,1000000000,1.263,high_dl
lgs2,lgw,0.0,14856.927,300000000,1.263,low_ul
lre2,lgs2,0.0,16128.991,100000000,1.255,high_dl
lgs2,lre2,0.0,16128.991,300000000,1.255,low_ul
lrov,lre2,0.0,50789.95,150000000,0.098,low_ul
lre2,lrov,0.0,50789.95,1000000000,0.098,high_dl
lb,lgw,0.0,70324.935,150000000,0.187,low_ul
lgw,lb,0.0,70324.935,1000000000,0.187,high_dl
lgw,lgs3,14856.927,42953.596,100000000,1.273,high_dl
lgs3,lgw,14856.927,42953.596,300000000,1.273,low_ul
lre2,lgs3,16128.991,44276.81,100000000,1.265,high_dl
lgs3,lre2,16128.991,44276.81,300000000,1.265,low_ul
lre1,lgs1,37231.234,65959.127,100000000,1.226,high_dl
lgs1,lre1,37231.234,65959.127,300000000,1.226,low_ul
lgw,lgs1,42953.596,65699.077,100000000,1.262,high_dl
lgs1,lgw,42953.596,65699.077,300000000,1.262,low_ul
lre2,lgs2,57156.470,71760.000,100000000,1.246,high_dl
lre2,lgs2,71764.000,86393.744,100000000,1.246,high_dl
lgs2,lre2,57156.47,86393.744,300000000,1.246,low_ul
lgw,lgs2,65699.077,107351.427,1000000000,1.254,high_dl
lgs2,lgw,65699.077,107351.427,300000000,1.254,low_ul
lb,lre2,70324.935,88441.096,150000000,0.073,low_ul
lre2,lb,70324.935,88441.096,1000000000,0.073,high_dl
lrov,lre2,79870.945,139773.788,150000000,0.094,low_ul
lre2,lrov,79870.945,139773.788,1000000000,0.094,high_dl
lre2,lgs3,86393.744,134796.093,100000000,1.262,high_dl
lgs3,lre2,86393.744,134796.093,300000000,1.262,low_ul
lb,lgw,88441.096,622397.774,150000000,0.079,low_ul
lgw,lb,88441.096,622397.774,1000000000,0.079,high_dl
lgw,lgs3,107351.427,134505.205,100000000,1.249,high_dl
lgs3,lgw,107351.427,134505.205,300000000,1.249,low_ul
lre1,lgs1,127815.418,156176.672,100000000,1.225,high_dl
lgs1,lre1,127815.418,156176.672,300000000,1.225,low_ul
lgw,lgs1,134505.205,158357.258,100000000,1.263,high_dl
lgs1,lgw,134505.205,158357.258,300000000,1.263,low_ul
lre2,lgs2,147346.433,176785.186,100000000,1.242,high_dl
lgs2,lre2,147346.433,176785.186,300000000,1.242,low_ul
lgw,lgs2,158357.258,196090.209,1000000000,1.271,high_dl
lgs2,lgw,158357.258,196090.209,300000000,1.271,low_ul
lrov,lre2,175166.402,227513.654,150000000,0.101,low_ul
lre2,lrov,175166.402,227513.654,1000000000,0.101,high_dl
lre2,lgs3,176785.186,224856.805,100000000,1.263,high_dl
lgs3,lre2,176785.186,224856.805,300000000,1.263,low_ul
lgw,lgs3,196090.209,223361.411,100000000,1.283,high_dl
lgs3,lgw,196090.209,223361.411,300000000,1.283,low_ul
lre1,lgs1,217804.962,246890.623,100000000,1.23,high_dl
lgs1,lre1,217804.962,246890.623,300000000,1.23,low_ul
lgw,lgs1,223361.411,249197.91,100000000,1.298,high_dl
lgs1,lgw,223361.411,249197.91,300000000,1.298,low_ul
lre2,lgs2,238121.225,267418.463,100000000,1.245,high_dl
lgs2,lre2,238121.225,267418.463,300000000,1.245,low_ul
lgw,lgs2,249197.91,284569.181,1000000000,1.306,high_dl
lgs2,lgw,249197.91,284569.181,300000000,1.306,low_ul
lre2,lgs3,267418.463,314337.828,100000000,1.271,high_dl
lgs3,lre2,267418.463,314337.828,300000000,1.271,low_ul
lrov,lre2,269519.606,314678.351,150000000,0.104,low_ul
lre2,lrov,269519.606,314678.351,1000000000,0.104,high_dl
lgw,lgs3,284569.181,311969.199,100000000,1.316,high_dl
lgs3,lgw,284569.181,311969.199,300000000,1.316,low_ul
lre1,lgs1,307137.309,337790.174,100000000,1.242,high_dl
lgs1,lre1,307137.309,337790.174,300000000,1.242,low_ul
lgw,lgs1,311969.199,339384.52,100000000,1.327,high_dl
lgs1,lgw,311969.199,339384.52,300000000,1.327,low_ul
lre2,lgs2,329059.319,358050.976,100000000,1.255,high_dl
lgs2,lre2,329059.319,358050.976,300000000,1.255,low_ul
lgw,lgs2,339384.52,372955.713,1000000000,1.333,high_dl
lgs2,lgw,339384.52,372955.713,300000000,1.333,low_ul
lre2,lgs3,358050.976,398098.581,100000000,1.284,high_dl
lgs3,lre2,358050.976,398098.581,300000000,1.284,low_ul
lrov,lre2,362927.642,401559.082,150000000,0.104,low_ul
lre2,lrov,362927.642,401559.082,1000000000,0.104,high_dl
lgw,lgs3,372955.713,400502.203,100000000,1.34,high_dl
lgs3,lgw,372955.713,400502.203,300000000,1.34,low_ul
lre1,lgs1,395925.253,428610.276,100000000,1.258,high_dl
lgs1,lre1,395925.253,428610.276,300000000,1.258,low_ul
lgw,lgs1,400502.203,429254.276,100000000,1.345,high_dl
lgs1,lgw,400502.203,429254.276,300000000,1.345,low_ul
lre2,lgs2,419902.634,448532.201,100000000,1.271,high_dl
lgs2,lre2,419902.634,448532.201,300000000,1.271,low_ul
lgw,lgs2,429254.276,461404.485,1000000000,1.349,high_dl
lgs2,lgw,429254.276,461404.485,300000000,1.349,low_ul
lre2,lgs3,448532.201,483886.064,100000000,1.301,high_dl
lgs3,lre2,448532.201,483886.064,300000000,1.301,low_ul
lrov,lre2,455735.651,488283.226,150000000,0.102,low_ul
lre2,lrov,455735.651,488283.226,1000000000,0.102,high_dl
lgw,lgs3,461404.485,489131.642,100000000,1.351,high_dl
lgs3,lgw,461404.485,489131.642,300000000,1.351,low_ul
lre1,lgs1,484334.796,519301.884,100000000,1.278,high_dl
lgs1,lre1,484334.796,519301.884,300000000,1.278,low_ul
lgw,lgs1,489131.642,519007.084,100000000,1.352,high_dl
lgs1,lgw,489131.642,519007.084,300000000,1.352,low_ul
lre2,lgs2,510555.933,538584.15,100000000,1.29,high_dl
lgs2,lre2,510555.933,538584.15,300000000,1.29,low_ul
lgw,lgs2,519007.084,550157.306,1000000000,1.352,high_dl
lgs2,lgw,519007.084,550157.306,300000000,1.352,low_ul
lre2,lgs3,538824.15,570998.631,100000000,1.321,high_dl
lgs3,lre2,538824.15,570998.631,300000000,1.321,low_ul
lrov,lre2,548233.833,574909.845,150000000,0.099,low_ul
lre2,lrov,548233.833,574909.845,1000000000,0.099,high_dl
lgw,lgs3,550157.306,578168.402,100000000,1.35,high_dl
lgs3,lgw,550157.306,578168.402,300000000,1.35,low_ul
lre1,lgs1,572514.269,609629.293,100000000,1.3,high_dl
lgs1,lre1,572514.269,609629.293,300000000,1.3,low_ul
lre2,lgs3,574169.624,579673.632,100000000,1.33,high_dl
lgs3,lre2,574169.624,579673.632,300000000,1.33,low_ul
lgw,lgs1,578168.402,608939.607,100000000,1.347,high_dl
lgs1,lgw,578168.402,608939.607,300000000,1.347,low_ul
lre2,lgs2,601035.059,628962.813,100000000,1.31,high_dl
lgs2,lre2,601035.059,628962.813,300000000,1.31,low_ul
lrov,lre1,605957.178,612230.946,150000000,0.058,low_ul
lre1,lrov,605957.178,612230.946,1000000000,0.058,high_dl
lgw,lgs2,608939.607,639947.342,1000000000,1.343,high_dl
lgs2,lgw,608939.607,639947.342,300000000,1.343,low_ul
lgw,lre1,613130.946,616730.946,150000000,0.2,prox
lre1,lgw,613130.946,616730.946,150000000,0.2,prox
lb,lre2,622397.774,640194.095,150000000,0.073,low_ul
lre2,lb,622397.774,640194.095,1000000000,0.073,high_dl
lre2,lgs3,628962.813,658832.17,100000000,1.34,high_dl
lgs3,lre2,628962.813,658832.17,300000000,1.34,low_ul
lgw,lgs3,639947.342,667041.159,100000000,1.338,high_dl
lgs3,lgw,639947.342,667041.159,300000000,1.338,low_ul
lb,lgw,640194.095,1205492.235,150000000,0.077,low_ul
lgw,lb,640194.095,1205492.235,1000000000,0.077,high_dl
lre2,lgs3,660447.147,667536.28,100000000,1.348,high_dl
lgs3,lre2,660447.147,667536.28,300000000,1.348,low_ul
lre1,lgs1,660580.497,699595.398,100000000,1.323,high_dl
lgs1,lre1,660580.497,699595.398,300000000,1.323,low_ul
lgw,lgs1,667041.159,700154.599,100000000,1.353,high_dl
lgs1,lgw,667041.159,700154.599,300000000,1.353,low_ul
lre2,lgs2,691409.591,726845.73,100000000,1.33,high_dl
lgs2,lre2,691409.591,726845.73,300000000,1.33,low_ul
lrov,lre1,692179.265,703787.409,150000000,0.058,low_ul
lre1,lrov,692179.265,703787.409,1000000000,0.058,high_dl
lgw,lgs2,700154.599,725787.364,1000000000,1.372,high_dl
lgs2,lgw,700154.599,725787.364,300000000,1.372,low_ul
lgw,lre1,704687.409,708287.409,150000000,0.176,prox
lre1,lgw,704687.409,708287.409,150000000,0.176,prox
lgw,lgs3,725787.364,753531.235,100000000,1.388,high_dl
lgs3,lgw,725787.364,753531.235,300000000,1.388,low_ul
lre2,lgs3,726845.73,755292.454,100000000,1.358,high_dl
lgs3,lre2,726845.73,755292.454,300000000,1.358,low_ul
lrov,lre2,732837.482,747957.466,150000000,0.087,low_ul
lre2,lrov,732837.482,747957.466,1000000000,0.087,high_dl
lre1,lgs1,748626.641,779638.601,100000000,1.343,high_dl
lgs1,lre1,748626.641,779638.601,300000000,1.343,low_ul
lgw,lgs1,753531.235,783276.309,100000000,1.402,high_dl
lgs1,lgw,753531.235,783276.309,300000000,1.402,low_ul
lrov,lre1,778578.821,795343.978,150000000,0.058,low_ul
lre1,lrov,778578.821,795343.978,1000000000,0.058,high_dl
lre1,lgs1,781695.938,789374.621,100000000,1.376,high_dl
lgs1,lre1,781695.938,789374.621,300000000,1.376,low_ul
lre2,lgs2,781765.154,814354.897,100000000,1.348,high_dl
lgs2,lre2,781765.154,814354.897,300000000,1.348,low_ul
lgw,lgs2,783276.309,812161.127,1000000000,1.418,high_dl
lgs2,lgw,783276.309,812161.127,300000000,1.418,low_ul
lgw,lre1,796243.978,799843.978,150000000,0.254,prox
lre1,lgw,796243.978,799843.978,150000000,0.254,prox
lgw,lgs3,812161.127,840395.62,100000000,1.429,high_dl
lgs3,lgw,812161.127,840395.62,300000000,1.429,low_ul
lre2,lgs3,814354.897,843021.927,100000000,1.372,high_dl
lgs3,lre2,814354.897,843021.927,300000000,1.372,low_ul
lrov,lre2,824820.629,834363.676,150000000,0.079,low_ul
lre2,lrov,824820.629,834363.676,1000000000,0.079,high_dl
lre1,lgs1,836732.759,866113.751,100000000,1.361,high_dl
lgs1,lre1,836732.759,866113.751,300000000,1.361,low_ul
lgw,lgs1,840395.62,873815.868,100000000,1.438,high_dl
lgs1,lgw,840395.62,873815.868,300000000,1.438,low_ul
lrov,lre1,865063.754,886775.986,150000000,0.058,low_ul
lre1,lrov,865063.754,886775.986,1000000000,0.058,high_dl
lre1,lgs1,869446.307,879075.595,100000000,1.391,high_dl
lgs1,lre1,869446.307,879075.595,300000000,1.391,low_ul
lre2,lgs2,872181.157,901865.499,100000000,1.362,high_dl
lgs2,lre2,872181.157,901865.499,300000000,1.362,low_ul
lgw,lgs2,873815.868,898876.009,1000000000,1.449,high_dl
lgs2,lgw,873815.868,898876.009,300000000,1.449,low_ul
lgw,lre1,887675.986,891275.986,150000000,0.291,prox
lre1,lgw,887675.986,891275.986,150000000,0.291,prox
lgw,lgs3,900622.162,927630.552,100000000,1.454,high_dl
lgs3,lgw,900622.162,927630.552,300000000,1.454,low_ul
lre2,lgs3,901865.499,930805.004,100000000,1.383,high_dl
lgs3,lre2,901865.499,930805.004,300000000,1.383,low_ul
lrov,lre2,916268.075,920557.353,150000000,0.068,low_ul
lre2,lrov,916268.075,920557.353,1000000000,0.068,high_dl
lre1,lgs1,924973.513,952870.475,100000000,1.376,high_dl
lgs1,lre1,924973.513,952870.475,300000000,1.376,low_ul
lgw,lgs1,927630.552,964343.013,100000000,1.457,high_dl
lgs1,lgw,927630.552,964343.013,300000000,1.457,low_ul
lrov,lre1,951618.583,978115.253,150000000,0.058,low_ul
lre1,lrov,951618.583,978115.253,1000000000,0.058,high_dl
lre1,lgs1,956679.846,968771.479,100000000,1.4,high_dl
lgs1,lre1,956679.846,968771.479,300000000,1.4,low_ul
lre2,lgs2,962710.799,989466.276,100000000,1.372,high_dl
lgs2,lre2,962710.799,989466.276,300000000,1.372,low_ul
lgw,lgs2,964343.013,986068.849,1000000000,1.46,high_dl
lgs2,lgw,964343.013,986068.849,300000000,1.46,low_ul
lgw,lre1,979015.253,982615.253,150000000,0.296,prox
lre1,lgw,979015.253,982615.253,150000000,0.296,prox
lre2,lgs3,989466.276,1018732.629,100000000,1.389,high_dl
lgs3,lre2,989466.276,1018732.629,300000000,1.389,low_ul
lgw,lgs3,990719.784,1015420.513,100000000,1.46,high_dl
lgs3,lgw,990719.784,1015420.513,300000000,1.46,low_ul
lre1,lgs1,1013421.288,1040114.612,100000000,1.386,high_dl
lgs1,lre1,1013421.288,1040114.612,300000000,1.386,low_ul
lgw,lgs1,1015420.513,1054676.28,100000000,1.458,high_dl
lgs1,lgw,1015420.513,1054676.28,300000000,1.458,low_ul
lrov,lre1,1038254.552,1069519.676,150000000,0.059,low_ul
lre1,lrov,1038254.552,1069519.676,1000000000,0.059,high_dl
lre1,lgs1,1042980.39,1058502.163,100000000,1.403,high_dl
lgs1,lre1,1042980.39,1058502.163,300000000,1.403,low_ul
lre2,lgs2,1053351.345,1077275.038,100000000,1.377,high_dl
lgs2,lre2,1053351.345,1077275.038,300000000,1.377,low_ul
lgw,lgs2,1054676.28,1074136.884,1000000000,1.452,high_dl
lgs2,lgw,1054676.28,1074136.884,300000000,1.452,low_ul
lgw,lre1,1070419.676,1074019.676,150000000,0.271,prox
lre1,lgw,1070419.676,1074019.676,150000000,0.271,prox
lre2,lgs3,1079539.306,1106915.374,100000000,1.39,high_dl
lgs3,lre2,1079539.306,1106915.374,300000000,1.39,low_ul
lgw,lgs3,1080630.44,1104142.58,100000000,1.446,high_dl
lgs3,lgw,1080630.44,1104142.58,300000000,1.446,low_ul
lre1,lgs1,1102142.814,1148266.721,100000000,1.391,high_dl
lgs1,lre1,1102142.814,1148266.721,300000000,1.391,low_ul
lgw,lgs1,1104142.58,1144281.064,100000000,1.441,high_dl
lgs1,lgw,1104142.58,1144281.064,300000000,1.441,low_ul
lrov,lre1,1125008.979,1161272.715,150000000,0.059,low_ul
lre1,lrov,1125008.979,1161272.715,1000000000,0.059,high_dl
lre2,lgs2,1144000.033,1165459.974,100000000,1.378,high_dl
lgs2,lre2,1144000.033,1165459.974,300000000,1.378,low_ul
lgw,lgs2,1144281.064,1163926.596,1000000000,1.426,high_dl
lgs2,lgw,1144281.064,1163926.596,300000000,1.426,low_ul
lgw,lre1,1162172.715,1165772.715,150000000,0.271,prox
lre1,lgw,1162172.715,1165772.715,150000000,0.271,prox
lre2,lgs3,1169713.893,1195484.5,100000000,1.388,high_dl
lgs3,lre2,1169713.893,1195484.5,300000000,1.388,low_ul
lgw,lgs3,1169988.721,1194674.686,100000000,1.416,high_dl
lgs3,lgw,1169988.721,1194674.686,300000000,1.416,low_ul
lre1,lgs1,1191186.926,1238016.549,100000000,1.393,high_dl
lgs1,lre1,1191186.926,1238016.549,300000000,1.393,low_ul
lgw,lgs1,1194674.686,1234816.551,100000000,1.407,high_dl
lgs1,lgw,1194674.686,1234816.551,300000000,1.407,low_ul
lb,lre2,1205492.235,1224178.745,150000000,0.073,low_ul
lre2,lb,1205492.235,1224178.745,1000000000,0.073,high_dl
lrov,lre1,1211967.603,1253858.464,150000000,0.061,low_ul
lre1,lrov,1211967.603,1253858.464,1000000000,0.061,high_dl
lb,lgw,1224178.745,1782009.954,150000000,0.081,low_ul
lgw,lb,1224178.745,1782009.954,1000000000,0.081,high_dl
lre2,lgs2,1234420.213,1254241.622,100000000,1.374,high_dl
lgs2,lre2,1234420.213,1254241.622,300000000,1.374,low_ul
lgw,lgs2,1234816.551,1253896.621,1000000000,1.4,high_dl
lgs2,lgw,1234816.551,1253896.621,300000000,1.4,low_ul
lgw,lre1,1254758.464,1258358.464,150000000,0.271,prox
lre1,lgw,1254758.464,1258358.464,150000000,0.271,prox
lre2,lgs3,1259668.642,1284568.082,100000000,1.383,high_dl
lgs3,lre2,1259668.642,1284568.082,300000000,1.383,low_ul
lgw,lgs3,1261713.252,1283489.336,100000000,1.409,high_dl
lgs3,lgw,1261713.252,1283489.336,300000000,1.409,low_ul
lre1,lgs1,1280564.39,1327662.097,100000000,1.39,high_dl
lgs1,lre1,1280564.39,1327662.097,300000000,1.39,low_ul
lgw,lgs1,1283489.336,1328002.31,100000000,1.414,high_dl
lgs1,lgw,1283489.336,1328002.31,300000000,1.414,low_ul
lrov,lre1,1299335.356,1348105.843,150000000,0.063,low_ul
lre1,lrov,1299335.356,1348105.843,1000000000,0.063,high_dl
lre2,lgs2,1324301.073,1343811.989,100000000,1.367,high_dl
lgs2,lre2,1324301.073,1343811.989,300000000,1.367,low_ul
lgw,lgs2,1328002.31,1340718.89,1000000000,1.426,high_dl
lgs2,lgw,1328002.31,1340718.89,300000000,1.426,low_ul
lgw,lre1,1349005.843,1352605.843,150000000,0.203,prox
lre1,lgw,1349005.843,1352605.843,150000000,0.203,prox
lre2,lgs3,1349228.244,1374227.155,100000000,1.377,high_dl
lgs3,lre2,1349228.244,1374227.155,300000000,1.377,low_ul
lgw,lgs3,1353098.238,1371797.735,100000000,1.431,high_dl
lgs3,lgw,1353098.238,1371797.735,300000000,1.431,low_ul
lre1,lgs1,1370230.317,1417101.396,100000000,1.385,high_dl
lgs1,lre1,1370230.317,1417101.396,300000000,1.385,low_ul
lgw,lgs1,1371797.735,1418586.233,100000000,1.434,high_dl
lgs1,lgw,1371797.735,1418586.233,300000000,1.434,low_ul
lrov,lre1,1387649.221,1444881.86,150000000,0.068,low_ul
lre1,lrov,1387649.221,1444881.86,1000000000,0.068,high_dl
lre2,lgs2,1413455.034,1434160.017,100000000,1.357,high_dl
lgs2,lre2,1413455.034,1434160.017,300000000,1.357,low_ul
lgw,lgs2,1418586.233,1429672.706,1000000000,1.438,high_dl
lgs2,lgw,1418586.233,1429672.706,300000000,1.438,low_ul
lre2,lgs3,1438318.831,1464386.802,100000000,1.373,high_dl
lgs3,lre2,1438318.831,1464386.802,300000000,1.373,low_ul
lgw,lgs3,1442790.565,1461504.401,100000000,1.439,high_dl
lgs3,lgw,1442790.565,1461504.401,300000000,1.439,low_ul
lgw,lre1,1445781.86,1449381.86,150000000,0.267,prox
lre1,lgw,1445781.86,1449381.86,150000000,0.267,prox
lre1,lgs1,1460087.551,1506259.002,100000000,1.376,high_dl
lgs1,lre1,1460087.551,1506259.002,300000000,1.376,low_ul
lgw,lgs1,1461504.401,1506571.555,100000000,1.439,high_dl
lgs1,lgw,1461504.401,1506571.555,300000000,1.439,low_ul
lrov,lre1,1478232.969,1541962.908,150000000,0.077,low_ul
lre1,lrov,1478232.969,1541962.908,1000000000,0.077,high_dl
lre2,lgs2,1502062.734,1525021.05,100000000,1.347,high_dl
lgs2,lre2,1502062.734,1525021.05,300000000,1.347,low_ul
lgw,lgs2,1506571.555,1520843.137,1000000000,1.434,high_dl
lgs2,lgw,1506571.555,1520843.137,300000000,1.434,low_ul
lre2,lgs3,1527018.679,1554849.978,100000000,1.371,high_dl
lgs3,lre2,1527018.679,1554849.978,300000000,1.371,low_ul
lgw,lgs3,1531041.52,1552215.296,100000000,1.431,high_dl
lgs3,lgw,1531041.52,1552215.296,300000000,1.431,low_ul
lgw,lre1,1542862.908,1546462.908,150000000,0.294,prox
lre1,lgw,1542862.908,1546462.908,150000000,0.294,prox
lre1,lgs1,1550015.762,1595109.995,100000000,1.365,high_dl
lgs1,lre1,1550015.762,1595109.995,300000000,1.365,low_ul
lrov,lre1,1572391.834,1634583.576,150000000,0.089,low_ul
lre1,lrov,1572391.834,1634583.576,1000000000,0.089,high_dl
lre2,lgs2,1589962.038,1615408.993,100000000,1.336,high_dl
lgs2,lre2,1589962.038,1615408.993,300000000,1.336,low_ul
lgw,lgs2,1593278.566,1612745.831,1000000000,1.415,high_dl
lgs2,lgw,1593278.566,1612745.831,300000000,1.415,low_ul
lre2,lgs3,1616811.12,1645401.526,100000000,1.369,high_dl
lgs3,lre2,1616811.12,1645401.526,300000000,1.369,low_ul
lgw,lgs3,1618348.667,1643307.864,100000000,1.407,high_dl
lgs3,lgw,1618348.667,1643307.864,300000000,1.407,low_ul
lgw,lre1,1635483.576,1639083.576,150000000,0.29,prox
lre1,lgw,1635483.576,1639083.576,150000000,0.29,prox
lre1,lgs1,1639895.042,1683677.623,100000000,1.351,high_dl
lgs1,lre1,1639895.042,1683677.623,300000000,1.351,low_ul
lgw,lgs1,1643307.864,1679457.219,100000000,1.4,high_dl
lgs1,lgw,1643307.864,1679457.219,300000000,1.4,low_ul
lrov,lre1,1667728.158,1723686.14,150000000,0.098,low_ul
lre1,lrov,1667728.158,1723686.14,1000000000,0.098,high_dl
lre2,lgs2,1677703.714,1701590.422,100000000,1.327,high_dl
lgs2,lre2,1677703.714,1701590.422,300000000,1.327,low_ul
lgw,lgs2,1679457.219,1704646.538,1000000000,1.383,high_dl
lgs2,lgw,1679457.219,1704646.538,300000000,1.383,low_ul
lgw,lgs3,1705060.289,1734522.472,100000000,1.371,high_dl
lgs3,lgw,1705060.289,1734522.472,300000000,1.371,low_ul
lre2,lgs3,1706654.12,1735898.886,100000000,1.362,high_dl
lgs3,lre2,1706654.12,1735898.886,300000000,1.362,low_ul
lgw,lre1,1724586.14,1726171.162,150000000,0.255,prox
lre1,lgw,1724586.14,1726171.162,150000000,0.255,prox
lre1,lgs1,1729663.771,1772016.067,100000000,1.334,high_dl
lgs1,lre1,1729663.771,1772016.067,300000000,1.334,low_ul
lgw,lgs1,1734522.472,1765148.71,100000000,1.359,high_dl
lgs1,lgw,1734522.472,1765148.71,300000000,1.359,low_ul
lrov,lre1,1761660.637,1811357.442,150000000,0.102,low_ul
lre1,lrov,1761660.637,1811357.442,1000000000,0.102,high_dl
lgw,lgs2,1765148.71,1797640.976,1000000000,1.341,high_dl
lgs2,lgw,1765148.71,1797640.976,300000000,1.341,low_ul
lre2,lgs2,1765308.518,1788214.599,100000000,1.318,high_dl
lgs2,lre2,1765308.518,1788214.599,300000000,1.318,low_ul
lb,lre1,1782009.954,1801080.711,150000000,0.072,low_ul
lre1,lb,1782009.954,1801080.711,1000000000,0.072,high_dl
lre2,lgs2,1791960.209,1797277.63,100000000,1.348,high_dl
lgs2,lre2,1791960.209,1797277.63,300000000,1.348,low_ul
lre2,lgs3,1797277.63,1826292.042,100000000,1.353,high_dl
lgs3,lre2,1797277.63,1826292.042,300000000,1.353,low_ul
lgw,lgs3,1797640.976,1826646.859,100000000,1.333,high_dl
lgs3,lgw,1797640.976,1826646.859,300000000,1.333,low_ul
lb,lgw,1801080.711,2342584.302,150000000,0.085,low_ul
lgw,lb,1801080.711,2342584.302,1000000000,0.085,high_dl
lgw,lre1,1812257.442,1815857.442,150000000,0.107,prox
lre1,lgw,1812257.442,1815857.442,150000000,0.107,prox
lre1,lgs1,1819512.422,1860194.298,100000000,1.319,high_dl
lgs1,lre1,1819512.422,1860194.298,300000000,1.319,low_ul
lgw,lgs1,1826646.859,1854072.777,100000000,1.341,high_dl
lgs1,lgw,1826646.859,1854072.777,300000000,1.341,low_ul
lre2,lgs2,1852878.589,1875385.347,100000000,1.309,high_dl
lgs2,lre2,1852878.589,1875385.347,300000000,1.309,low_ul
lgw,lgs2,1854072.777,1888022.575,1000000000,1.35,high_dl
lgs2,lgw,1854072.777,1888022.575,300000000,1.35,low_ul
lrov,lre1,1854302.055,1898453.02,150000000,0.104,low_ul
lre1,lrov,1854302.055,1898453.02,1000000000,0.104,high_dl
lre2,lgs2,1878071.222,1887804.718,100000000,1.333,high_dl
lgs2,lre2,1878071.222,1887804.718,300000000,1.333,low_ul
lre2,lgs3,1887804.718,1916599.964,100000000,1.344,high_dl
lgs3,lre2,1887804.718,1916599.964,300000000,1.344,low_ul
lgw,lgs3,1888022.575,1916687.612,100000000,1.356,high_dl
lgs3,lgw,1888022.575,1916687.612,300000000,1.356,low_ul
lre1,lgs1,1909480.969,1948287.974,100000000,1.305,high_dl
lgs1,lre1,1909480.969,1948287.974,300000000,1.305,low_ul
lgw,lgs1,1916687.612,1950259.321,100000000,1.361,high_dl
lgs1,lgw,1916687.612,1950259.321,300000000,1.361,low_ul
lre2,lgs2,1940496.813,1978279.858,100000000,1.302,high_dl
lgs2,lre2,1940496.813,1978279.858,300000000,1.302,low_ul
lgw,lgs2,1950259.321,1978063.37,1000000000,1.366,high_dl
lgs2,lgw,1950259.321,1978063.37,300000000,1.366,low_ul
lrov,lre2,1960882.331,2006234.599,150000000,0.06,low_ul
lre2,lrov,1960882.331,2006234.599,1000000000,0.06,high_dl
lgw,lgs3,1978063.37,2006537.83,100000000,1.368,high_dl
lgs3,lgw,1978063.37,2006537.83,300000000,1.368,low_ul
lre2,lgs3,1978279.858,2006879.781,100000000,1.333,high_dl
lgs3,lre2,1978279.858,2006879.781,300000000,1.333,low_ul
lre1,lgs1,1999586.408,2036379.187,100000000,1.29,high_dl
lgs1,lre1,1999586.408,2036379.187,300000000,1.29,low_ul
lgw,lgs1,2006537.83,2038564.195,100000000,1.369,high_dl
lgs1,lgw,2006537.83,2038564.195,300000000,1.369,low_ul
lre2,lgs2,2028242.308,2068767.29,100000000,1.296,high_dl
lgs2,lre2,2028242.308,2068767.29,300000000,1.296,low_ul
lgw,lgs2,2038564.195,2068075.795,1000000000,1.368,high_dl
lgs2,lgw,2038564.195,2068075.795,300000000,1.368,low_ul
lrov,lre2,2048007.207,2100312.081,150000000,0.062,low_ul
lre2,lrov,2048007.207,2100312.081,1000000000,0.062,high_dl
lgw,lgs3,2068075.795,2096366.898,100000000,1.366,high_dl
lgs3,lgw,2068075.795,2096366.898,300000000,1.366,low_ul
lre2,lgs3,2068767.29,2097200.818,100000000,1.322,high_dl
lgs3,lre2,2068767.29,2097200.818,300000000,1.322,low_ul
lre1,lgs1,2089875.72,2124561.829,100000000,1.276,high_dl
lgs1,lre1,2089875.72,2124561.829,300000000,1.276,low_ul
lgw,lgs1,2096366.898,2126575.435,100000000,1.361,high_dl
lgs1,lgw,2096366.898,2126575.435,300000000,1.361,low_ul
lre2,lgs2,2116201.786,2159324.838,100000000,1.29,high_dl
lgs2,lre2,2116201.786,2159324.838,300000000,1.29,low_ul
lgw,lgs2,2126575.435,2158202.468,1000000000,1.356,high_dl
lgs2,lgw,2126575.435,2158202.468,300000000,1.356,low_ul
lrov,lre2,2135664.208,2195253.056,150000000,0.065,low_ul
lre2,lrov,2135664.208,2195253.056,1000000000,0.065,high_dl
lgw,lgs3,2158202.468,2186339.799,100000000,1.349,high_dl
lgs3,lgw,2158202.468,2186339.799,300000000,1.349,low_ul
lre2,lgs3,2159324.838,2187619.684,100000000,1.311,high_dl
lgs3,lre2,2159324.838,2187619.684,300000000,1.311,low_ul
lre1,lgs1,2180385.566,2212950.081,100000000,1.264,high_dl
lgs1,lre1,2180385.566,2212950.081,300000000,1.264,low_ul
lgw,lgs1,2186339.799,2214394.678,100000000,1.339,high_dl
lgs1,lgw,2186339.799,2214394.678,300000000,1.339,low_ul
lre2,lgs2,2204476.465,2249971.562,100000000,1.285,high_dl
lgs2,lre2,2204476.465,2249971.562,300000000,1.285,low_ul
lgw,lgs2,2214394.678,2248698.648,1000000000,1.33,high_dl
lgs2,lgw,2214394.678,2248698.648,300000000,1.33,low_ul
lrov,lre2,2224957.643,2289956.115,150000000,0.071,low_ul
lre2,lrov,2224957.643,2289956.115,1000000000,0.071,high_dl
lgw,lgs3,2248698.648,2276758.904,100000000,1.32,high_dl
lgs3,lgw,2248698.648,2276758.904,300000000,1.32,low_ul
lre2,lgs3,2250571.562,2278148.973,100000000,1.299,high_dl
lgs3,lre2,2250571.562,2278148.973,300000000,1.299,low_ul
lre1,lgs1,2271094.575,2301684.298,100000000,1.253,high_dl
lgs1,lre1,2271094.575,2301684.298,300000000,1.253,low_ul
lgw,lgs1,2276758.904,2302019.148,100000000,1.305,high_dl
lgs1,lgw,2276758.904,2302019.148,300000000,1.305,low_ul
lre2,lgs2,2293179.678,2321375.866,100000000,1.281,high_dl
lgs2,lre2,2293179.678,2321375.866,300000000,1.281,low_ul
lgw,lgs2,2302019.148,2340511.587,1000000000,1.294,high_dl
lgs2,lgw,2302019.148,2340511.587,300000000,1.294,low_ul
lrov,lre2,2315628.109,2382297.391,150000000,0.08,low_ul
lre2,lrov,2315628.109,2382297.391,1000000000,0.08,high_dl
lre2,lgs3,2321375.866,2368721.299,100000000,1.288,high_dl
lgs3,lre2,2321375.866,2368721.299,300000000,1.288,low_ul
lgw,lgs3,2340511.587,2369083.77,100000000,1.282,high_dl
lgs3,lgw,2340511.587,2369083.77,300000000,1.282,low_ul
lb,lre2,2342584.302,2360731.207,150000000,0.073,low_ul
lre2,lb,2342584.302,2360731.207,1000000000,0.073,high_dl
lb,lgw,2360731.207,2592000.0,150000000,0.08,low_ul
lgw,lb,2360731.207,2592000.0,1000000000,0.08,high_dl
lre1,lgs1,2361870.899,2390918.208,100000000,1.245,high_dl
lgs1,lre1,2361870.899,2390918.208,300000000,1.245,low_ul
lgw,lgs1,2369083.77,2392219.859,100000000,1.273,high_dl
lgs1,lgw,2369083.77,2392219.859,300000000,1.273,low_ul
lre2,lgs2,2382413.378,2410973.614,100000000,1.278,high_dl
lgs2,lre2,2382413.378,2410973.614,300000000,1.278,low_ul
lgw,lgs2,2392219.859,2431288.26,1000000000,1.278,high_dl
lgs2,lgw,2392219.859,2431288.26,300000000,1.278,low_ul
lrov,lre2,2409784.623,2471915.596,150000000,0.091,low_ul
lre2,lrov,2409784.623,2471915.596,1000000000,0.091,high_dl
lre2,lgs3,2410973.614,2459175.184,100000000,1.279,high_dl
lgs3,lre2,2410973.614,2459175.184,300000000,1.279,low_ul
lgw,lgs3,2431288.26,2458618.763,100000000,1.287,high_dl
lgs3,lgw,2431288.26,2458618.763,300000000,1.287,low_ul
lre1,lgs1,2452462.198,2480759.567,100000000,1.24,high_dl
lgs1,lre1,2452462.198,2480759.567,300000000,1.24,low_ul
lgw,lgs1,2458618.763,2483170.618,100000000,1.299,high_dl
lgs1,lgw,2458618.763,2483170.618,300000000,1.299,low_ul
lre2,lgs2,2472211.866,2501079.407,100000000,1.275,high_dl
lgs2,lre2,2472211.866,2501079.407,300000000,1.275,low_ul
lgw,lgs2,2483170.618,2520341.504,1000000000,1.306,high_dl
lgs2,lgw,2483170.618,2520341.504,300000000,1.306,low_ul
lre2,lgs3,2501079.407,2549303.627,100000000,1.274,high_dl
lgs3,lre2,2501079.407,2549303.627,300000000,1.274,low_ul
lgw,lgs3,2520341.504,2547723.346,100000000,1.313,high_dl
lgs3,lgw,2520341.504,2547723.346,300000000,1.313,low_ul
lre1,lgs1,2542594.658,2571168.58,100000000,1.24,high_dl
lgs1,lre1,2542594.658,2571168.58,300000000,1.24,low_ul
lgw,lgs1,2547723.346,2573391.658,100000000,1.322,high_dl
lgs1,lgw,2547723.346,2573391.658,300000000,1.322,low_ul
lre2,lgs2,2562473.417,2591551.324,100000000,1.268,high_dl
lgs2,lre2,2562473.417,2591551.324,300000000,1.268,low_ul
lgw,lgs2,2573391.658,2592000.0,1000000000,1.326,high_dl
lgs2,lgw,2573391.658,2592000.0,300000000,1.326,low_ul
