source,destination,contact_start(s),contact_end(s),data_rate(bps),delay(s),link_type # Simulation starting time: 2026-01-01T00:00:00 UTC
lgs2,lb,0.000,16550.650,50000000,1.235,dwe_ul
lb,lgs2,0.000,16550.650,250000000,1.235,dwe_dl
lgs3,lb,0.000,44134.441,50000000,1.246,dwe_ul
lb,lgs3,0.000,44134.441,250000000,1.246,dwe_dl
lgs2,lgw,0.000,14856.927,300000000,1.263,low_ul
lgw,lgs2,0.000,14856.927,1000000000,1.263,high_dl
lgs2,lre2,0.000,16128.991,300000000,1.255,low_ul
lre2,lgs2,0.000,16128.991,100000000,1.255,high_dl
lgs3,lgw,0.000,42953.596,300000000,1.273,low_ul
lgw,lgs3,0.000,42953.596,100000000,1.273,high_dl
lgs3,lre1,0.000,43529.380,300000000,1.249,low_ul
lre1,lgs3,0.000,43529.380,100000000,1.249,high_dl
lgs3,lre2,0.000,44276.810,300000000,1.265,low_ul
lre2,lgs3,0.000,44276.810,100000000,1.265,high_dl
lb,lgw,0.000,70324.935,150000000,0.187,low_ul
lgw,lb,0.000,70324.935,1000000000,0.187,high_dl
lb,lre2,0.000,50368.266,150000000,0.096,low_ul
lre2,lb,0.000,50368.266,1000000000,0.096,high_dl
lrov,lgw,0.000,6254.588,150000000,0.191,low_ul
lgw,lrov,0.000,6254.588,1000000000,0.191,high_dl
lrov,lre2,0.000,50789.950,150000000,0.098,low_ul
lre2,lrov,0.000,50789.950,1000000000,0.098,high_dl
lre2,lgw,0.000,55152.015,150000000,0.144,prox
lgw,lre2,0.000,55152.015,150000000,0.144,prox
lgw,lre2,0.000,55152.015,150000000,0.144,prox
lre2,lgw,0.000,55152.015,150000000,0.144,prox
lre1,lgw,1705.457,629710.352,150000000,0.200,prox
lgw,lre1,1705.457,629710.352,150000000,0.200,prox
lgw,lre1,1705.457,629710.352,150000000,0.200,prox
lre1,lgw,1705.457,629710.352,150000000,0.200,prox
lb,lre1,6987.347,78382.520,150000000,0.072,low_ul
lre1,lb,6987.347,78382.520,1000000000,0.072,high_dl
lgs1,lgw,36368.644,65699.077,300000000,1.262,low_ul
lgw,lgs1,36368.644,65699.077,100000000,1.262,high_dl
lgs1,lre1,37231.234,65959.127,300000000,1.226,low_ul
lre1,lgs1,37231.234,65959.127,100000000,1.226,high_dl
lgs1,lb,37901.498,65894.125,50000000,1.248,dwe_ul
lb,lgs1,37901.498,65894.125,250000000,1.248,dwe_dl
lgs2,lre2,57156.470,106718.177,300000000,1.246,low_ul
lre2,lgs2,57156.470,106718.177,100000000,1.246,high_dl
lgs2,lgw,57207.551,107351.427,300000000,1.254,low_ul
lgw,lgs2,57207.551,107351.427,1000000000,1.254,high_dl
lgs2,lb,57279.960,107252.000,50000000,1.248,dwe_ul
lb,lgs2,57279.960,107252.000,250000000,1.248,dwe_dl
lre2,lgw,57812.503,79605.523,150000000,0.118,prox
lgw,lre2,57812.503,79605.523,150000000,0.118,prox
lgw,lre2,57812.503,79605.523,150000000,0.118,prox
lre2,lgw,57812.503,79605.523,150000000,0.118,prox
lb,lre2,65569.402,136773.877,150000000,0.073,low_ul
lre2,lb,65569.402,136773.877,1000000000,0.073,high_dl
lrov,lre1,76699.695,84952.881,150000000,0.077,low_ul
lre1,lrov,76699.695,84952.881,1000000000,0.077,high_dl
lrov,lre2,79870.945,139773.788,150000000,0.094,low_ul
lre2,lrov,79870.945,139773.788,1000000000,0.094,high_dl
lre2,lgw,82168.040,144281.669,150000000,0.110,prox
lgw,lre2,82168.040,144281.669,150000000,0.110,prox
lgw,lre2,82168.040,144281.669,150000000,0.110,prox
lre2,lgw,82168.040,144281.669,150000000,0.110,prox
lgs3,lre1,86176.277,134036.227,300000000,1.253,low_ul
lre1,lgs3,86176.277,134036.227,100000000,1.253,high_dl
lgs3,lb,86290.441,134669.136,50000000,1.248,dwe_ul
lb,lgs3,86290.441,134669.136,250000000,1.248,dwe_dl
lgs3,lre2,86393.744,134796.093,300000000,1.262,low_ul
lre2,lgs3,86393.744,134796.093,100000000,1.262,high_dl
lgs3,lgw,86617.892,134505.205,300000000,1.249,low_ul
lgw,lgs3,86617.892,134505.205,100000000,1.249,high_dl
lb,lgw,88441.096,622397.774,150000000,0.079,low_ul
lgw,lb,88441.096,622397.774,1000000000,0.079,high_dl
lb,lre1,93365.555,164757.483,150000000,0.072,low_ul
lre1,lb,93365.555,164757.483,1000000000,0.072,high_dl
lgs1,lre1,127815.418,156176.672,300000000,1.225,low_ul
lre1,lgs1,127815.418,156176.672,100000000,1.225,high_dl
lgs1,lgw,128165.258,158357.258,300000000,1.263,low_ul
lgw,lgs1,128165.258,158357.258,100000000,1.263,high_dl
lgs1,lb,128528.568,156273.143,50000000,1.248,dwe_ul
lb,lgs1,128528.568,156273.143,250000000,1.248,dwe_dl
lre2,lgw,145886.464,230284.845,150000000,0.187,prox
lgw,lre2,145886.464,230284.845,150000000,0.187,prox
lgw,lre2,145886.464,230284.845,150000000,0.187,prox
lre2,lgw,145886.464,230284.845,150000000,0.187,prox
lgs2,lre2,147346.433,196817.820,300000000,1.242,low_ul
lre2,lgs2,147346.433,196817.820,100000000,1.242,high_dl
lgs2,lb,147608.949,197421.004,50000000,1.249,dwe_ul
lb,lgs2,147608.949,197421.004,250000000,1.249,dwe_dl
lgs2,lgw,149481.317,196090.209,300000000,1.271,low_ul
lgw,lgs2,149481.317,196090.209,1000000000,1.271,high_dl
lb,lre2,151985.864,223173.966,150000000,0.073,low_ul
lre2,lb,151985.864,223173.966,1000000000,0.073,high_dl
lrov,lre2,175166.402,227513.654,150000000,0.101,low_ul
lre2,lrov,175166.402,227513.654,1000000000,0.101,high_dl
lrov,lgw,176409.638,536328.532,150000000,0.208,low_ul
lgw,lrov,176409.638,536328.532,1000000000,0.208,high_dl
lgs3,lb,176770.631,224711.028,50000000,1.251,dwe_ul
lb,lgs3,176770.631,224711.028,250000000,1.251,dwe_dl
lgs3,lre2,176785.186,224856.805,300000000,1.263,low_ul
lre2,lgs3,176785.186,224856.805,100000000,1.263,high_dl
lgs3,lre1,176941.644,224092.195,300000000,1.245,low_ul
lre1,lgs3,176941.644,224092.195,100000000,1.245,high_dl
lgs3,lgw,178540.141,223361.411,300000000,1.283,low_ul
lgw,lgs3,178540.141,223361.411,100000000,1.283,high_dl
lb,lre1,179743.080,251135.045,150000000,0.071,low_ul
lre1,lb,179743.080,251135.045,1000000000,0.071,high_dl
lgs1,lgw,216783.346,249197.910,300000000,1.298,low_ul
lgw,lgs1,216783.346,249197.910,100000000,1.298,high_dl
lgs1,lre1,217804.962,246890.623,300000000,1.230,low_ul
lre1,lgs1,217804.962,246890.623,100000000,1.230,high_dl
lgs1,lb,218493.509,247131.177,50000000,1.255,dwe_ul
lb,lgs1,218493.509,247131.177,250000000,1.255,dwe_dl
lre2,lgw,231976.667,316469.372,150000000,0.260,prox
lgw,lre2,231976.667,316469.372,150000000,0.260,prox
lgw,lre2,231976.667,316469.372,150000000,0.260,prox
lre2,lgw,231976.667,316469.372,150000000,0.260,prox
lgs2,lre2,238121.225,286290.424,300000000,1.245,low_ul
lre2,lgs2,238121.225,286290.424,100000000,1.245,high_dl
lgs2,lb,238372.157,286915.929,50000000,1.257,dwe_ul
lb,lgs2,238372.157,286915.929,250000000,1.257,dwe_dl
lb,lre2,238397.480,309568.508,150000000,0.073,low_ul
lre2,lb,238397.480,309568.508,1000000000,0.073,high_dl
lgs2,lgw,240417.925,284569.181,300000000,1.306,low_ul
lgw,lgs2,240417.925,284569.181,1000000000,1.306,high_dl
lb,lre1,266121.064,337516.352,150000000,0.071,low_ul
lre1,lb,266121.064,337516.352,1000000000,0.071,high_dl
lgs3,lre2,267418.463,314337.828,300000000,1.271,low_ul
lre2,lgs3,267418.463,314337.828,100000000,1.271,high_dl
lgs3,lb,267494.637,314150.313,50000000,1.261,dwe_ul
lb,lgs3,267494.637,314150.313,250000000,1.261,dwe_dl
lgs3,lre1,267842.873,313578.396,300000000,1.251,low_ul
lre1,lgs3,267842.873,313578.396,100000000,1.251,high_dl
lgs3,lgw,269017.274,311969.199,300000000,1.316,low_ul
lgw,lgs3,269017.274,311969.199,100000000,1.316,high_dl
lrov,lre2,269519.606,314678.351,150000000,0.104,low_ul
lre2,lrov,269519.606,314678.351,1000000000,0.104,high_dl
lgs1,lgw,305288.954,339384.520,300000000,1.327,low_ul
lgw,lgs1,305288.954,339384.520,100000000,1.327,high_dl
lgs1,lre1,307137.309,337790.174,300000000,1.242,low_ul
lre1,lgs1,307137.309,337790.174,100000000,1.242,high_dl
lgs1,lb,307756.704,338093.916,50000000,1.267,dwe_ul
lb,lgs1,307756.704,338093.916,250000000,1.267,dwe_dl
lre2,lgw,318300.412,402726.619,150000000,0.291,prox
lgw,lre2,318300.412,402726.619,150000000,0.291,prox
lgw,lre2,318300.412,402726.619,150000000,0.291,prox
lre2,lgw,318300.412,402726.619,150000000,0.291,prox
lb,lre2,324803.613,395957.740,150000000,0.073,low_ul
lre2,lb,324803.613,395957.740,1000000000,0.073,high_dl
lgs2,lre2,329059.319,375154.232,300000000,1.255,low_ul
lre2,lgs2,329059.319,375154.232,100000000,1.255,high_dl
lgs2,lb,329271.466,375771.445,50000000,1.271,dwe_ul
lb,lgs2,329271.466,375771.445,250000000,1.271,dwe_dl
lgs2,lgw,330730.147,372955.713,300000000,1.333,low_ul
lgw,lgs2,330730.147,372955.713,1000000000,1.333,high_dl
lb,lre1,352500.612,423902.360,150000000,0.071,low_ul
lre1,lb,352500.612,423902.360,1000000000,0.071,high_dl
lgs3,lre2,358050.976,398098.581,300000000,1.284,low_ul
lre2,lgs3,358050.976,398098.581,100000000,1.284,high_dl
lgs3,lb,358200.511,403026.661,50000000,1.277,dwe_ul
lb,lgs3,358200.511,403026.661,250000000,1.277,dwe_dl
lgs3,lre1,358620.449,402514.317,300000000,1.268,low_ul
lre1,lgs3,358620.449,402514.317,100000000,1.268,high_dl
lgs3,lgw,359049.685,400502.203,300000000,1.340,low_ul
lgw,lgs3,359049.685,400502.203,100000000,1.340,high_dl
lrov,lre2,362927.642,401559.082,150000000,0.104,low_ul
lre2,lrov,362927.642,401559.082,1000000000,0.104,high_dl
lgs1,lgw,393787.074,429254.276,300000000,1.345,low_ul
lgw,lgs1,393787.074,429254.276,100000000,1.345,high_dl
lgs1,lre1,395925.253,428610.276,300000000,1.258,low_ul
lre1,lgs1,395925.253,428610.276,100000000,1.258,high_dl
lgs1,lb,396463.507,428860.829,50000000,1.284,dwe_ul
lb,lgs1,396463.507,428860.829,250000000,1.284,dwe_dl
lgs3,lre2,400141.735,403228.704,300000000,1.295,low_ul
lre2,lgs3,400141.735,403228.704,100000000,1.295,high_dl
lre2,lgw,404714.946,489043.393,150000000,0.289,prox
lgw,lre2,404714.946,489043.393,150000000,0.289,prox
lgw,lre2,404714.946,489043.393,150000000,0.289,prox
lre2,lgw,404714.946,489043.393,150000000,0.289,prox
lb,lre2,411203.904,482342.159,150000000,0.073,low_ul
lre2,lb,411203.904,482342.159,1000000000,0.073,high_dl
lgs2,lre2,419902.634,463519.482,300000000,1.271,low_ul
lre2,lgs2,419902.634,463519.482,100000000,1.271,high_dl
lgs2,lb,420073.061,464116.609,50000000,1.289,dwe_ul
lb,lgs2,420073.061,464116.609,250000000,1.289,dwe_dl
lgs2,lgw,420746.862,461404.485,300000000,1.349,low_ul
lgw,lgs2,420746.862,461404.485,1000000000,1.349,high_dl
lb,lre1,438882.736,510293.776,150000000,0.071,low_ul
lre1,lb,438882.736,510293.776,1000000000,0.071,high_dl
lgs3,lre2,448532.201,483886.064,300000000,1.301,low_ul
lre2,lgs3,448532.201,483886.064,100000000,1.301,high_dl
lgs3,lb,448730.321,491455.600,50000000,1.296,dwe_ul
lb,lgs3,448730.321,491455.600,250000000,1.296,dwe_dl
lgs3,lgw,448875.450,489131.642,300000000,1.351,low_ul
lgw,lgs3,448875.450,489131.642,100000000,1.351,high_dl
lgs3,lre1,449168.030,491000.541,300000000,1.289,low_ul
lre1,lgs3,449168.030,491000.541,100000000,1.289,high_dl
lrov,lre2,455735.651,488283.226,150000000,0.102,low_ul
lre2,lrov,455735.651,488283.226,1000000000,0.102,high_dl
lgs1,lgw,482414.822,519007.084,300000000,1.352,low_ul
lgw,lgs1,482414.822,519007.084,100000000,1.352,high_dl
lgs1,lre1,484334.796,519301.884,300000000,1.278,low_ul
lre1,lgs1,484334.796,519301.884,100000000,1.278,high_dl
lgs1,lb,484797.337,519311.905,50000000,1.304,dwe_ul
lb,lgs1,484797.337,519311.905,250000000,1.304,dwe_dl
lgs3,lre2,487498.048,491613.783,300000000,1.311,low_ul
lre2,lgs3,487498.048,491613.783,100000000,1.311,high_dl
lre2,lgw,491199.983,575447.553,150000000,0.252,prox
lgw,lre2,491199.983,575447.553,150000000,0.252,prox
lgw,lre2,491199.983,575447.553,150000000,0.252,prox
lre2,lgw,491199.983,575447.553,150000000,0.252,prox
lb,lre2,497598.295,568722.507,150000000,0.073,low_ul
lre2,lb,497598.295,568722.507,1000000000,0.073,high_dl
lgs2,lre2,510555.933,551516.223,300000000,1.290,low_ul
lre2,lgs2,510555.933,551516.223,100000000,1.290,high_dl
lgs2,lgw,510642.670,550157.306,300000000,1.352,low_ul
lgw,lgs2,510642.670,550157.306,1000000000,1.352,high_dl
lgs2,lb,510681.487,528696.479,50000000,1.310,dwe_ul
lb,lgs2,510681.487,528696.479,250000000,1.310,dwe_dl
lb,lre1,525268.308,596691.026,150000000,0.071,low_ul
lre1,lb,525268.308,596691.026,1000000000,0.071,high_dl
lgs3,lgw,538660.206,578168.402,300000000,1.350,low_ul
lgw,lgs3,538660.206,578168.402,100000000,1.350,high_dl
lgs3,lre2,538824.150,570998.631,300000000,1.321,low_ul
lre2,lgs3,538824.150,570998.631,100000000,1.321,high_dl
lgs3,lre1,539487.152,579157.609,300000000,1.314,low_ul
lre1,lgs3,539487.152,579157.609,100000000,1.314,high_dl
lrov,lre2,548233.833,574909.845,150000000,0.099,low_ul
lre2,lrov,548233.833,574909.845,1000000000,0.099,high_dl
lgs1,lgw,571432.416,608939.607,300000000,1.347,low_ul
lgw,lgs1,571432.416,608939.607,100000000,1.347,high_dl
lgs1,lre1,572514.269,609629.293,300000000,1.300,low_ul
lre1,lgs1,572514.269,609629.293,100000000,1.300,high_dl
lgs1,lb,572910.740,586810.346,50000000,1.325,dwe_ul
lb,lgs1,572910.740,586810.346,250000000,1.325,dwe_dl
lgs3,lre2,574169.624,579673.632,300000000,1.330,low_ul
lre2,lgs3,574169.624,579673.632,100000000,1.330,high_dl
lre2,lgw,577788.270,632081.593,150000000,0.172,prox
lgw,lre2,577788.270,632081.593,150000000,0.172,prox
lgw,lre2,577788.270,632081.593,150000000,0.172,prox
lre2,lgw,577788.270,632081.593,150000000,0.172,prox
lb,lre2,583987.043,655099.747,150000000,0.073,low_ul
lre2,lb,583987.043,655099.747,1000000000,0.073,high_dl
lgs2,lgw,600623.583,639947.342,300000000,1.343,low_ul
lgw,lgs2,600623.583,639947.342,1000000000,1.343,high_dl
lgs2,lre2,601035.059,639259.922,300000000,1.310,low_ul
lre2,lgs2,601035.059,639259.922,100000000,1.310,high_dl
lrov,lre1,605957.178,612230.946,150000000,0.058,low_ul
lre1,lrov,605957.178,612230.946,1000000000,0.058,high_dl
lb,lre1,611658.024,683094.226,150000000,0.071,low_ul
lre1,lb,611658.024,683094.226,1000000000,0.071,high_dl
lgs3,lgw,628946.345,667041.159,300000000,1.338,low_ul
lgw,lgs3,628946.345,667041.159,100000000,1.338,high_dl
lgs3,lre2,628962.813,658832.170,300000000,1.340,low_ul
lre2,lgs3,628962.813,658832.170,100000000,1.340,high_dl
lgs3,lre1,629639.619,667096.627,300000000,1.338,low_ul
lre1,lgs3,629639.619,667096.627,100000000,1.338,high_dl
lre1,lgw,632609.639,689377.592,150000000,0.109,prox
lgw,lre1,632609.639,689377.592,150000000,0.109,prox
lgw,lre1,632609.639,689377.592,150000000,0.109,prox
lre1,lgw,632609.639,689377.592,150000000,0.109,prox
lre2,lgw,634816.709,835246.439,150000000,0.113,prox
lgw,lre2,634816.709,835246.439,150000000,0.113,prox
lgw,lre2,634816.709,835246.439,150000000,0.113,prox
lre2,lgw,634816.709,835246.439,150000000,0.113,prox
lb,lgw,640194.095,1205492.235,150000000,0.077,low_ul
lgw,lb,640194.095,1205492.235,1000000000,0.077,high_dl
lrov,lre2,640591.949,661465.842,150000000,0.094,low_ul
lre2,lrov,640591.949,661465.842,1000000000,0.094,high_dl
lgs3,lre2,660447.147,667536.280,300000000,1.348,low_ul
lre2,lgs3,660447.147,667536.280,100000000,1.348,high_dl
lgs1,lre1,660580.497,699595.398,300000000,1.323,low_ul
lre1,lgs1,660580.497,699595.398,100000000,1.323,high_dl
lgs1,lgw,660700.507,700154.599,300000000,1.353,low_ul
lgw,lgs1,660700.507,700154.599,100000000,1.353,high_dl
lb,lre2,670370.706,741475.021,150000000,0.073,low_ul
lre2,lb,670370.706,741475.021,1000000000,0.073,high_dl
lgs2,lre2,691409.591,726845.730,300000000,1.330,low_ul
lre2,lgs2,691409.591,726845.730,100000000,1.330,high_dl
lre1,lgw,691700.300,776176.269,150000000,0.176,prox
lgw,lre1,691700.300,776176.269,150000000,0.176,prox
lgw,lre1,691700.300,776176.269,150000000,0.176,prox
lre1,lgw,691700.300,776176.269,150000000,0.176,prox
lrov,lre1,692179.265,703787.409,150000000,0.058,low_ul
lre1,lrov,692179.265,703787.409,1000000000,0.058,high_dl
lgs2,lgw,692584.301,725787.364,300000000,1.372,low_ul
lgw,lgs2,692584.301,725787.364,1000000000,1.372,high_dl
lb,lre1,698052.374,769503.178,150000000,0.071,low_ul
lre1,lb,698052.374,769503.178,1000000000,0.071,high_dl
lgs3,lre2,719016.362,755292.454,300000000,1.358,low_ul
lre2,lgs3,719016.362,755292.454,100000000,1.358,high_dl
lgs3,lre1,719708.317,754914.114,300000000,1.361,low_ul
lre1,lgs3,719708.317,754914.114,100000000,1.361,high_dl
lgs3,lgw,720317.204,753531.235,300000000,1.388,low_ul
lgw,lgs3,720317.204,753531.235,100000000,1.388,high_dl
lrov,lre2,732837.482,747957.466,150000000,0.087,low_ul
lre2,lrov,732837.482,747957.466,1000000000,0.087,high_dl
lgs1,lgw,747635.282,789818.091,300000000,1.402,low_ul
lgw,lgs1,747635.282,789818.091,100000000,1.402,high_dl
lgs1,lre1,748626.641,779638.601,300000000,1.343,low_ul
lre1,lgs1,748626.641,779638.601,100000000,1.343,high_dl
lb,lre2,756750.126,827849.605,150000000,0.073,low_ul
lre2,lb,756750.126,827849.605,1000000000,0.073,high_dl
lre1,lgw,778141.235,862786.783,150000000,0.254,prox
lgw,lre1,778141.235,862786.783,150000000,0.254,prox
lgw,lre1,778141.235,862786.783,150000000,0.254,prox
lre1,lgw,778141.235,862786.783,150000000,0.254,prox
lrov,lre1,778578.821,795343.978,150000000,0.058,low_ul
lre1,lrov,778578.821,795343.978,1000000000,0.058,high_dl
lgs1,lre1,781695.938,789374.621,300000000,1.376,low_ul
lre1,lgs1,781695.938,789374.621,100000000,1.376,high_dl
lgs2,lre2,781765.154,814354.897,300000000,1.348,low_ul
lre2,lgs2,781765.154,814354.897,100000000,1.348,high_dl
lgs2,lgw,783276.309,812161.127,300000000,1.418,low_ul
lgw,lgs2,783276.309,812161.127,1000000000,1.418,high_dl
lb,lre1,784451.620,855917.375,150000000,0.071,low_ul
lre1,lb,784451.620,855917.375,1000000000,0.071,high_dl
lgs3,lre2,809058.056,843021.927,300000000,1.372,low_ul
lre2,lgs3,809058.056,843021.927,100000000,1.372,high_dl
lgs3,lre1,809774.965,842697.771,300000000,1.380,low_ul
lre1,lgs3,809774.965,842697.771,100000000,1.380,high_dl
lgs3,lgw,810503.177,840395.620,300000000,1.429,low_ul
lgw,lgs3,810503.177,840395.620,100000000,1.429,high_dl
lrov,lre2,824820.629,834363.676,150000000,0.079,low_ul
lre2,lrov,824820.629,834363.676,1000000000,0.079,high_dl
lgs1,lgw,835063.612,879286.615,300000000,1.438,low_ul
lgw,lgs1,835063.612,879286.615,100000000,1.438,high_dl
lre2,lgw,835679.906,921484.978,150000000,0.282,prox
lgw,lre2,835679.906,921484.978,150000000,0.282,prox
lgw,lre2,835679.906,921484.978,150000000,0.282,prox
lre2,lgw,835679.906,921484.978,150000000,0.282,prox
lgs1,lre1,836732.759,866113.751,300000000,1.361,low_ul
lre1,lgs1,836732.759,866113.751,100000000,1.361,high_dl
lb,lre2,843126.381,914224.841,150000000,0.073,low_ul
lre2,lb,843126.381,914224.841,1000000000,0.073,high_dl
lre1,lgw,864475.493,949350.645,150000000,0.291,prox
lgw,lre1,864475.493,949350.645,150000000,0.291,prox
lgw,lre1,864475.493,949350.645,150000000,0.291,prox
lre1,lgw,864475.493,949350.645,150000000,0.291,prox
lrov,lre1,865063.754,886775.986,150000000,0.058,low_ul
lre1,lrov,865063.754,886775.986,1000000000,0.058,high_dl
lgs1,lre1,869446.307,879075.595,300000000,1.391,low_ul
lre1,lgs1,869446.307,879075.595,100000000,1.391,high_dl
lb,lre1,870855.783,942336.033,150000000,0.071,low_ul
lre1,lb,870855.783,942336.033,1000000000,0.071,high_dl
lgs2,lre2,872181.157,901865.499,300000000,1.362,low_ul
lre2,lgs2,872181.157,901865.499,100000000,1.362,high_dl
lgs2,lgw,873815.868,898876.009,300000000,1.449,low_ul
lgw,lgs2,873815.868,898876.009,1000000000,1.449,high_dl
lgs3,lre2,899148.373,930805.004,300000000,1.383,low_ul
lre2,lgs3,899148.373,930805.004,100000000,1.383,high_dl
lgs3,lre1,899905.390,930536.234,300000000,1.396,low_ul
lre1,lgs3,899905.390,930536.234,100000000,1.396,high_dl
lgs3,lgw,900622.162,927630.552,300000000,1.454,low_ul
lgw,lgs3,900622.162,927630.552,100000000,1.454,high_dl
lrov,lre2,916268.075,920557.353,150000000,0.068,low_ul
lre2,lrov,916268.075,920557.353,1000000000,0.068,high_dl
lre2,lgw,922488.391,1007938.781,150000000,0.298,prox
lgw,lre2,922488.391,1007938.781,150000000,0.298,prox
lgw,lre2,922488.391,1007938.781,150000000,0.298,prox
lre2,lgw,922488.391,1007938.781,150000000,0.298,prox
lgs1,lgw,922908.717,968741.836,300000000,1.457,low_ul
lgw,lgs1,922908.717,968741.836,100000000,1.457,high_dl
lgs1,lre1,924973.513,952870.475,300000000,1.376,low_ul
lre1,lgs1,924973.513,952870.475,100000000,1.376,high_dl
lb,lre2,929500.730,1000602.065,150000000,0.073,low_ul
lre2,lb,929500.730,1000602.065,1000000000,0.073,high_dl
lre1,lgw,950719.959,1035947.629,150000000,0.296,prox
lgw,lre1,950719.959,1035947.629,150000000,0.296,prox
lgw,lre1,950719.959,1035947.629,150000000,0.296,prox
lre1,lgw,950719.959,1035947.629,150000000,0.296,prox
lrov,lre1,951618.583,978115.253,150000000,0.058,low_ul
lre1,lrov,951618.583,978115.253,1000000000,0.058,high_dl
lgs1,lre1,956679.846,968771.479,300000000,1.400,low_ul
lre1,lgs1,956679.846,968771.479,100000000,1.400,high_dl
lb,lre1,957264.641,1028758.128,150000000,0.071,low_ul
lre1,lb,957264.641,1028758.128,1000000000,0.071,high_dl
lgs2,lre2,962710.799,989466.276,300000000,1.372,low_ul
lre2,lgs2,962710.799,989466.276,100000000,1.372,high_dl
lgs2,lgw,964343.013,986068.849,300000000,1.460,low_ul
lgw,lgs2,964343.013,986068.849,1000000000,1.460,high_dl
lgs3,lre2,989316.992,1018732.629,300000000,1.389,low_ul
lre2,lgs3,989316.992,1018732.629,100000000,1.389,high_dl
lgs3,lre1,990132.258,1018530.177,300000000,1.406,low_ul
lre1,lgs3,990132.258,1018530.177,100000000,1.406,high_dl
lgs3,lgw,990719.784,1015420.513,300000000,1.460,low_ul
lgw,lgs3,990719.784,1015420.513,100000000,1.460,high_dl
lre2,lgw,1009145.630,1094524.027,150000000,0.283,prox
lgw,lre2,1009145.630,1094524.027,150000000,0.283,prox
lgw,lre2,1009145.630,1094524.027,150000000,0.283,prox
lre2,lgw,1009145.630,1094524.027,150000000,0.283,prox
lgs1,lgw,1011245.404,1058232.410,300000000,1.458,low_ul
lgw,lgs1,1011245.404,1058232.410,100000000,1.458,high_dl
lgs1,lre1,1013421.288,1040114.612,300000000,1.386,low_ul
lre1,lgs1,1013421.288,1040114.612,100000000,1.386,high_dl
lb,lre2,1015874.543,1086982.525,150000000,0.073,low_ul
lre2,lb,1015874.543,1086982.525,1000000000,0.073,high_dl
lre1,lgw,1036802.282,1295247.067,150000000,0.271,prox
lgw,lre1,1036802.282,1295247.067,150000000,0.271,prox
lgw,lre1,1036802.282,1295247.067,150000000,0.271,prox
lre1,lgw,1036802.282,1295247.067,150000000,0.271,prox
lrov,lre1,1038254.552,1069519.676,150000000,0.059,low_ul
lre1,lrov,1038254.552,1069519.676,1000000000,0.059,high_dl
lgs1,lre1,1042980.390,1058502.163,300000000,1.403,low_ul
lre1,lgs1,1042980.390,1058502.163,100000000,1.403,high_dl
lb,lre1,1043677.732,1115182.453,150000000,0.071,low_ul
lre1,lb,1043677.732,1115182.453,1000000000,0.071,high_dl
lgs2,lre2,1053351.345,1077275.038,300000000,1.377,low_ul
lre2,lgs2,1053351.345,1077275.038,100000000,1.377,high_dl
lgs2,lgw,1054676.280,1074136.884,300000000,1.452,low_ul
lgw,lgs2,1054676.280,1074136.884,1000000000,1.452,high_dl
lgs3,lre2,1079539.306,1106915.374,300000000,1.390,low_ul
lre2,lgs3,1079539.306,1106915.374,100000000,1.390,high_dl
lgs3,lre1,1080429.644,1106801.602,300000000,1.411,low_ul
lre1,lgs3,1080429.644,1106801.602,100000000,1.411,high_dl
lgs3,lgw,1080630.440,1104142.580,300000000,1.446,low_ul
lgw,lgs3,1080630.440,1104142.580,100000000,1.446,high_dl
lre2,lgw,1095835.460,1181479.748,150000000,0.235,prox
lgw,lre2,1095835.460,1181479.748,150000000,0.235,prox
lgw,lre2,1095835.460,1181479.748,150000000,0.235,prox
lre2,lgw,1095835.460,1181479.748,150000000,0.235,prox
lgs1,lgw,1100232.731,1147725.010,300000000,1.441,low_ul
lgw,lgs1,1100232.731,1147725.010,100000000,1.441,high_dl
lgs1,lre1,1102142.814,1148266.721,300000000,1.391,low_ul
lre1,lgs1,1102142.814,1148266.721,100000000,1.391,high_dl
lb,lre2,1102249.218,1173367.308,150000000,0.073,low_ul
lre2,lb,1102249.218,1173367.308,1000000000,0.073,high_dl
lrov,lre1,1125008.979,1161272.715,150000000,0.059,low_ul
lre1,lrov,1125008.979,1161272.715,1000000000,0.059,high_dl
lb,lre1,1130094.375,1201607.687,150000000,0.071,low_ul
lre1,lb,1130094.375,1201607.687,1000000000,0.071,high_dl
lgs2,lre2,1144000.033,1165459.974,300000000,1.378,low_ul
lre2,lgs2,1144000.033,1165459.974,100000000,1.378,high_dl
lgs2,lgw,1144281.064,1163926.596,300000000,1.426,low_ul
lgw,lgs2,1144281.064,1163926.596,1000000000,1.426,high_dl
lgs3,lre2,1169713.893,1195484.500,300000000,1.388,low_ul
lre2,lgs3,1169713.893,1195484.500,100000000,1.388,high_dl
lgs3,lgw,1169988.721,1194674.686,300000000,1.416,low_ul
lgw,lgs3,1169988.721,1194674.686,100000000,1.416,high_dl
lgs3,lre1,1170686.177,1195490.937,300000000,1.412,low_ul
lre1,lgs3,1170686.177,1195490.937,100000000,1.412,high_dl
lre2,lgw,1183171.783,1213185.724,150000000,0.138,prox
lgw,lre2,1183171.783,1213185.724,150000000,0.138,prox
lgw,lre2,1183171.783,1213185.724,150000000,0.138,prox
lre2,lgw,1183171.783,1213185.724,150000000,0.138,prox
lb,lre2,1188626.108,1259757.260,150000000,0.073,low_ul
lre2,lb,1188626.108,1259757.260,1000000000,0.073,high_dl
lgs1,lgw,1190303.576,1238519.200,300000000,1.407,low_ul
lgw,lgs1,1190303.576,1238519.200,100000000,1.407,high_dl
lgs1,lre1,1191186.926,1238016.549,300000000,1.393,low_ul
lre1,lgs1,1191186.926,1238016.549,100000000,1.393,high_dl
lrov,lre1,1211967.603,1253858.464,150000000,0.061,low_ul
lre1,lrov,1211967.603,1253858.464,1000000000,0.061,high_dl
lre2,lgw,1215259.969,1265350.137,150000000,0.113,prox
lgw,lre2,1215259.969,1265350.137,150000000,0.113,prox
lgw,lre2,1215259.969,1265350.137,150000000,0.113,prox
lre2,lgw,1215259.969,1265350.137,150000000,0.113,prox
lb,lre1,1216513.697,1288032.460,150000000,0.071,low_ul
lre1,lb,1216513.697,1288032.460,1000000000,0.071,high_dl
lb,lgw,1224178.745,1782009.954,150000000,0.081,low_ul
lgw,lb,1224178.745,1782009.954,1000000000,0.081,high_dl
lgs2,lre2,1234420.213,1254241.622,300000000,1.374,low_ul
lre2,lgs2,1234420.213,1254241.622,100000000,1.374,high_dl
lgs2,lgw,1234816.551,1253896.621,300000000,1.400,low_ul
lgw,lgs2,1234816.551,1253896.621,1000000000,1.400,high_dl
lgs3,lre2,1259668.642,1284568.082,300000000,1.383,low_ul
lre2,lgs3,1259668.642,1284568.082,100000000,1.383,high_dl
lgs3,lre1,1260708.623,1284719.680,300000000,1.410,low_ul
lre1,lgs3,1260708.623,1284719.680,100000000,1.410,high_dl
lgs3,lgw,1261713.252,1283489.336,300000000,1.409,low_ul
lgw,lgs3,1261713.252,1283489.336,100000000,1.409,high_dl
lre2,lgw,1267546.338,1352430.161,150000000,0.167,prox
lgw,lre2,1267546.338,1352430.161,150000000,0.167,prox
lgw,lre2,1267546.338,1352430.161,150000000,0.167,prox
lre2,lgw,1267546.338,1352430.161,150000000,0.167,prox
lb,lre2,1275006.436,1346152.933,150000000,0.073,low_ul
lre2,lb,1275006.436,1346152.933,1000000000,0.073,high_dl
lgs1,lgw,1280283.014,1329117.726,300000000,1.414,low_ul
lgw,lgs1,1280283.014,1329117.726,100000000,1.414,high_dl
lgs1,lre1,1280564.390,1327662.097,300000000,1.390,low_ul
lre1,lgs1,1280564.390,1327662.097,100000000,1.390,high_dl
lre1,lgw,1297486.811,1381524.586,150000000,0.203,prox
lgw,lre1,1297486.811,1381524.586,150000000,0.203,prox
lgw,lre1,1297486.811,1381524.586,150000000,0.203,prox
lre1,lgw,1297486.811,1381524.586,150000000,0.203,prox
lrov,lre1,1299335.356,1348105.843,150000000,0.063,low_ul
lre1,lrov,1299335.356,1348105.843,1000000000,0.063,high_dl
lb,lre1,1302934.671,1374455.431,150000000,0.071,low_ul
lre1,lb,1302934.671,1374455.431,1000000000,0.071,high_dl
lgs2,lre2,1324301.073,1343811.989,300000000,1.367,low_ul
lre2,lgs2,1324301.073,1343811.989,100000000,1.367,high_dl
lgs2,lgw,1328002.310,1340718.890,300000000,1.426,low_ul
lgw,lgs2,1328002.310,1340718.890,1000000000,1.426,high_dl
lgs3,lre2,1349228.244,1374227.155,300000000,1.377,low_ul
lre2,lgs3,1349228.244,1374227.155,100000000,1.377,high_dl
lgs3,lre1,1350296.203,1374507.476,300000000,1.405,low_ul
lre1,lgs3,1350296.203,1374507.476,100000000,1.405,high_dl
lgs3,lgw,1353098.238,1371797.735,300000000,1.431,low_ul
lgw,lgs3,1353098.238,1371797.735,100000000,1.431,high_dl
lre2,lgw,1354192.309,1439138.393,150000000,0.249,prox
lgw,lre2,1354192.309,1439138.393,150000000,0.249,prox
lgw,lre2,1354192.309,1439138.393,150000000,0.249,prox
lre2,lgw,1354192.309,1439138.393,150000000,0.249,prox
lrov,lre2,1355124.847,1358945.980,150000000,0.058,low_ul
lre2,lrov,1355124.847,1358945.980,1000000000,0.058,high_dl
lb,lre2,1361391.231,1432554.551,150000000,0.073,low_ul
lre2,lb,1361391.231,1432554.551,1000000000,0.073,high_dl
lgs1,lgw,1369395.454,1418900.555,300000000,1.434,low_ul
lgw,lgs1,1369395.454,1418900.555,100000000,1.434,high_dl
lgs1,lre1,1370230.317,1417101.396,300000000,1.385,low_ul
lre1,lgs1,1370230.317,1417101.396,100000000,1.385,high_dl
lre1,lgw,1383560.101,1467815.502,150000000,0.267,prox
lgw,lre1,1383560.101,1467815.502,150000000,0.267,prox
lgw,lre1,1383560.101,1467815.502,150000000,0.267,prox
lre1,lgw,1383560.101,1467815.502,150000000,0.267,prox
lrov,lre1,1387649.221,1444881.860,150000000,0.068,low_ul
lre1,lrov,1387649.221,1444881.860,1000000000,0.068,high_dl
lb,lre1,1389356.169,1460875.358,150000000,0.072,low_ul
lre1,lb,1389356.169,1460875.358,1000000000,0.072,high_dl
lgs2,lre2,1413455.034,1434160.017,300000000,1.357,low_ul
lre2,lgs2,1413455.034,1434160.017,100000000,1.357,high_dl
lgs2,lgw,1418586.233,1429672.706,300000000,1.438,low_ul
lgw,lgs2,1418586.233,1429672.706,1000000000,1.438,high_dl
lgs3,lre2,1438318.831,1464386.802,300000000,1.373,low_ul
lre2,lgs3,1438318.831,1464386.802,100000000,1.373,high_dl
lgs3,lre1,1439352.090,1464697.870,300000000,1.398,low_ul
lre1,lgs3,1439352.090,1464697.870,100000000,1.398,high_dl
lre2,lgw,1440662.395,1525807.340,150000000,0.288,prox
lgw,lre2,1440662.395,1525807.340,150000000,0.288,prox
lgw,lre2,1440662.395,1525807.340,150000000,0.288,prox
lre2,lgw,1440662.395,1525807.340,150000000,0.288,prox
lrov,lre2,1441266.359,1450510.033,150000000,0.058,low_ul
lre2,lrov,1441266.359,1450510.033,1000000000,0.058,high_dl
lgs3,lgw,1442790.565,1461504.401,300000000,1.439,low_ul
lgw,lgs3,1442790.565,1461504.401,100000000,1.439,high_dl
lb,lre2,1447781.271,1518961.990,150000000,0.073,low_ul
lre2,lb,1447781.271,1518961.990,1000000000,0.073,high_dl
lgs1,lgw,1458976.780,1508033.009,300000000,1.439,low_ul
lgw,lgs1,1458976.780,1508033.009,100000000,1.439,high_dl
lgs1,lre1,1460087.551,1506259.002,300000000,1.376,low_ul
lre1,lgs1,1460087.551,1506259.002,100000000,1.376,high_dl
lre1,lgw,1469747.828,1554065.985,150000000,0.294,prox
lgw,lre1,1469747.828,1554065.985,150000000,0.294,prox
lgw,lre1,1469747.828,1554065.985,150000000,0.294,prox
lre1,lgw,1469747.828,1554065.985,150000000,0.294,prox
lb,lre1,1475777.015,1547291.163,150000000,0.072,low_ul
lre1,lb,1475777.015,1547291.163,1000000000,0.072,high_dl
lrov,lre1,1478232.969,1541962.908,150000000,0.077,low_ul
lre1,lrov,1478232.969,1541962.908,1000000000,0.077,high_dl
lgs2,lre2,1501942.734,1525021.050,300000000,1.347,low_ul
lre2,lgs2,1501942.734,1525021.050,100000000,1.347,high_dl
lgs2,lgw,1506571.555,1520843.137,300000000,1.434,low_ul
lgw,lgs2,1506571.555,1520843.137,1000000000,1.434,high_dl
lgs3,lre2,1527018.679,1554849.978,300000000,1.371,low_ul
lre2,lgs3,1527018.679,1554849.978,100000000,1.371,high_dl
lre2,lgw,1527019.361,1612652.429,150000000,0.295,prox
lgw,lre2,1527019.361,1612652.429,150000000,0.295,prox
lgw,lre2,1527019.361,1612652.429,150000000,0.295,prox
lre2,lgw,1527019.361,1612652.429,150000000,0.295,prox
lrov,lre2,1527659.371,1542658.120,150000000,0.058,low_ul
lre2,lrov,1527659.371,1542658.120,1000000000,0.058,high_dl
lgs3,lre1,1527918.955,1554949.769,300000000,1.390,low_ul
lre1,lgs3,1527918.955,1554949.769,100000000,1.390,high_dl
lgs3,lgw,1531041.520,1552215.296,300000000,1.431,low_ul
lgw,lgs3,1531041.520,1552215.296,100000000,1.431,high_dl
lb,lre2,1534177.048,1605374.798,150000000,0.073,low_ul
lre2,lb,1534177.048,1605374.798,1000000000,0.073,high_dl
lgs1,lgw,1548823.175,1596530.610,300000000,1.427,low_ul
lgw,lgs1,1548823.175,1596530.610,100000000,1.427,high_dl
lgs1,lre1,1550015.762,1595109.995,300000000,1.365,low_ul
lre1,lgs1,1550015.762,1595109.995,100000000,1.365,high_dl
lre1,lgw,1555980.446,1640235.826,150000000,0.290,prox
lgw,lre1,1555980.446,1640235.826,150000000,0.290,prox
lgw,lre1,1555980.446,1640235.826,150000000,0.290,prox
lre1,lgw,1555980.446,1640235.826,150000000,0.290,prox
lb,lre1,1562196.058,1633701.987,150000000,0.072,low_ul
lre1,lb,1562196.058,1633701.987,1000000000,0.072,high_dl
lrov,lre1,1572391.834,1634583.576,150000000,0.089,low_ul
lre1,lrov,1572391.834,1634583.576,1000000000,0.089,high_dl
lgs2,lre2,1589962.038,1615466.135,300000000,1.336,low_ul
lre2,lgs2,1589962.038,1615466.135,100000000,1.336,high_dl
lgs2,lgw,1593278.566,1612745.831,300000000,1.415,low_ul
lgw,lgs2,1593278.566,1612745.831,1000000000,1.415,high_dl
lre2,lgw,1613109.158,1870991.950,150000000,0.270,prox
lgw,lre2,1613109.158,1870991.950,150000000,0.270,prox
lgw,lre2,1613109.158,1870991.950,150000000,0.270,prox
lre2,lgw,1613109.158,1870991.950,150000000,0.270,prox
lrov,lre2,1614143.425,1635082.334,150000000,0.058,low_ul
lre2,lrov,1614143.425,1635082.334,1000000000,0.058,high_dl
lgs3,lre2,1615408.993,1615429.225,300000000,1.367,low_ul
lre2,lgs3,1615408.993,1615429.225,100000000,1.367,high_dl
lgs3,lre1,1616117.643,1645129.634,300000000,1.381,low_ul
lre1,lgs3,1616117.643,1645129.634,100000000,1.381,high_dl
lgs3,lre2,1616811.120,1645401.526,300000000,1.369,low_ul
lre2,lgs3,1616811.120,1645401.526,100000000,1.369,high_dl
lgs3,lgw,1618348.667,1643307.864,300000000,1.407,low_ul
lgw,lgs3,1618348.667,1643307.864,100000000,1.407,high_dl
lb,lre2,1620578.745,1691792.221,150000000,0.073,low_ul
lre2,lb,1620578.745,1691792.221,1000000000,0.073,high_dl
lgs1,lgw,1638784.618,1684428.700,300000000,1.400,low_ul
lgw,lgs1,1638784.618,1684428.700,100000000,1.400,high_dl
lgs1,lre1,1639895.042,1683677.623,300000000,1.351,low_ul
lre1,lgs1,1639895.042,1683677.623,100000000,1.351,high_dl
lre1,lgw,1642230.886,1726171.162,150000000,0.255,prox
lgw,lre1,1642230.886,1726171.162,150000000,0.255,prox
lgw,lre1,1642230.886,1726171.162,150000000,0.255,prox
lre1,lgw,1642230.886,1726171.162,150000000,0.255,prox
lb,lre1,1648612.228,1720107.234,150000000,0.072,low_ul
lre1,lb,1648612.228,1720107.234,1000000000,0.072,high_dl
lrov,lre1,1667728.158,1723686.140,150000000,0.098,low_ul
lre1,lrov,1667728.158,1723686.140,1000000000,0.098,high_dl
lgs2,lre2,1677703.714,1701590.422,300000000,1.327,low_ul
lre2,lgs2,1677703.714,1701590.422,100000000,1.327,high_dl
lgs2,lgw,1679457.219,1704646.538,300000000,1.383,low_ul
lgw,lgs2,1679457.219,1704646.538,1000000000,1.383,high_dl
lrov,lre2,1700692.573,1727584.470,150000000,0.058,low_ul
lre2,lrov,1700692.573,1727584.470,1000000000,0.058,high_dl
lgs3,lre1,1704078.565,1735420.193,300000000,1.371,low_ul
lre1,lgs3,1704078.565,1735420.193,100000000,1.371,high_dl
lgs2,lre2,1704696.724,1706654.120,300000000,1.361,low_ul
lre2,lgs2,1704696.724,1706654.120,100000000,1.361,high_dl
lgs3,lre2,1704834.664,1735898.886,300000000,1.362,low_ul
lre2,lgs3,1704834.664,1735898.886,100000000,1.362,high_dl
lgs3,lgw,1705060.289,1734522.472,300000000,1.371,low_ul
lgw,lgs3,1705060.289,1734522.472,100000000,1.371,high_dl
lb,lre2,1706986.231,1778213.266,150000000,0.073,low_ul
lre2,lb,1706986.231,1778213.266,1000000000,0.073,high_dl
lre1,lgw,1728420.235,1789404.132,150000000,0.179,prox
lgw,lre1,1728420.235,1789404.132,150000000,0.179,prox
lgw,lre1,1728420.235,1789404.132,150000000,0.179,prox
lre1,lgw,1728420.235,1789404.132,150000000,0.179,prox
lgs1,lgw,1728880.795,1771665.819,300000000,1.359,low_ul
lgw,lgs1,1728880.795,1771665.819,100000000,1.359,high_dl
lgs1,lre1,1729663.771,1772016.067,300000000,1.334,low_ul
lre1,lgs1,1729663.771,1772016.067,100000000,1.334,high_dl
lb,lre1,1735024.609,1806506.601,150000000,0.072,low_ul
lre1,lb,1735024.609,1806506.601,1000000000,0.072,high_dl
lrov,lre1,1761660.637,1811357.442,150000000,0.102,low_ul
lre1,lrov,1761660.637,1811357.442,1000000000,0.102,high_dl
lgs2,lgw,1765148.710,1797640.976,300000000,1.341,low_ul
lgw,lgs2,1765148.710,1797640.976,1000000000,1.341,high_dl
lgs2,lre2,1765308.518,1788214.599,300000000,1.318,low_ul
lre2,lgs2,1765308.518,1788214.599,100000000,1.318,high_dl
lrov,lre2,1787310.818,1820161.030,150000000,0.059,low_ul
lre2,lrov,1787310.818,1820161.030,1000000000,0.059,high_dl
lre1,lgw,1790809.907,1900901.876,150000000,0.107,prox
lgw,lre1,1790809.907,1900901.876,150000000,0.107,prox
lgw,lre1,1790809.907,1900901.876,150000000,0.107,prox
lre1,lgw,1790809.907,1900901.876,150000000,0.107,prox
lgs3,lgw,1791328.543,1826646.859,300000000,1.333,low_ul
lgw,lgs3,1791328.543,1826646.859,100000000,1.333,high_dl
lgs3,lre1,1791913.520,1825723.296,300000000,1.360,low_ul
lre1,lgs3,1791913.520,1825723.296,100000000,1.360,high_dl
lgs2,lre2,1791960.209,1797277.630,300000000,1.348,low_ul
lre2,lgs2,1791960.209,1797277.630,100000000,1.348,high_dl
lgs3,lre2,1792048.078,1826292.042,300000000,1.353,low_ul
lre2,lgs3,1792048.078,1826292.042,100000000,1.353,high_dl
lb,lre2,1793399.078,1864636.759,150000000,0.073,low_ul
lre2,lb,1793399.078,1864636.759,1000000000,0.073,high_dl
lb,lgw,1801080.711,2342584.302,150000000,0.085,low_ul
lgw,lb,1801080.711,2342584.302,1000000000,0.085,high_dl
lgs1,lre1,1819512.422,1860194.298,300000000,1.319,low_ul
lre1,lgs1,1819512.422,1860194.298,100000000,1.319,high_dl
lgs1,lb,1819710.730,1859858.145,50000000,1.329,dwe_ul
lb,lgs1,1819710.730,1859858.145,250000000,1.329,dwe_dl
lgs1,lgw,1820294.747,1861426.579,300000000,1.341,low_ul
lgw,lgs1,1820294.747,1861426.579,100000000,1.341,high_dl
lb,lre1,1821432.488,1892900.091,150000000,0.072,low_ul
lre1,lb,1821432.488,1892900.091,1000000000,0.072,high_dl
lgs2,lre2,1852878.589,1875385.347,300000000,1.309,low_ul
lre2,lgs2,1852878.589,1875385.347,100000000,1.309,high_dl
lgs2,lgw,1854072.777,1888022.575,300000000,1.350,low_ul
lgw,lgs2,1854072.777,1888022.575,1000000000,1.350,high_dl
lrov,lre1,1854302.055,1898453.020,150000000,0.104,low_ul
lre1,lrov,1854302.055,1898453.020,1000000000,0.104,high_dl
lrov,lgw,1859097.398,2272906.138,150000000,0.178,low_ul
lgw,lrov,1859097.398,2272906.138,1000000000,0.178,high_dl
lgs2,lb,1863625.280,1887809.394,50000000,1.314,dwe_ul
lb,lgs2,1863625.280,1887809.394,250000000,1.314,dwe_dl
lre2,lgw,1873263.260,1957405.753,150000000,0.203,prox
lgw,lre2,1873263.260,1957405.753,150000000,0.203,prox
lgw,lre2,1873263.260,1957405.753,150000000,0.203,prox
lre2,lgw,1873263.260,1957405.753,150000000,0.203,prox
lrov,lre2,1874022.574,1912957.351,150000000,0.059,low_ul
lre2,lrov,1874022.574,1912957.351,1000000000,0.059,high_dl
lgs2,lre2,1878071.222,1887804.718,300000000,1.333,low_ul
lre2,lgs2,1878071.222,1887804.718,100000000,1.333,high_dl
lgs3,lb,1879368.220,1916401.951,50000000,1.322,dwe_ul
lb,lgs3,1879368.220,1916401.951,250000000,1.322,dwe_dl
lgs3,lre2,1879386.704,1916599.964,300000000,1.344,low_ul
lre2,lgs3,1879386.704,1916599.964,100000000,1.344,high_dl
lgs3,lre1,1879715.426,1916001.824,300000000,1.349,low_ul
lre1,lgs3,1879715.426,1916001.824,100000000,1.349,high_dl
lb,lre2,1879816.583,1951061.421,150000000,0.073,low_ul
lre2,lb,1879816.583,1951061.421,1000000000,0.073,high_dl
lgs3,lgw,1881327.653,1916687.612,300000000,1.356,low_ul
lgw,lgs3,1881327.653,1916687.612,100000000,1.356,high_dl
lre1,lgw,1901872.703,1986909.923,150000000,0.230,prox
lgw,lre1,1901872.703,1986909.923,150000000,0.230,prox
lgw,lre1,1901872.703,1986909.923,150000000,0.230,prox
lre1,lgw,1901872.703,1986909.923,150000000,0.230,prox
lb,lre1,1907835.406,1979288.014,150000000,0.072,low_ul
lre1,lb,1907835.406,1979288.014,1000000000,0.072,high_dl
lgs1,lre1,1909480.969,1948287.974,300000000,1.305,low_ul
lre1,lgs1,1909480.969,1948287.974,100000000,1.305,high_dl
lgs1,lb,1909739.048,1947956.009,50000000,1.318,dwe_ul
lb,lgs1,1909739.048,1947956.009,250000000,1.318,dwe_dl
lgs1,lgw,1910240.988,1950259.321,300000000,1.361,low_ul
lgw,lgs1,1910240.988,1950259.321,100000000,1.361,high_dl
lgs2,lb,1940003.415,1978341.430,50000000,1.314,dwe_ul
lb,lgs2,1940003.415,1978341.430,250000000,1.314,dwe_dl
lgs2,lre2,1940496.813,1978279.858,300000000,1.302,low_ul
lre2,lgs2,1940496.813,1978279.858,100000000,1.302,high_dl
lgs2,lgw,1942689.199,1978063.370,300000000,1.366,low_ul
lgw,lgs2,1942689.199,1978063.370,1000000000,1.366,high_dl
lrov,lre1,1946278.104,1985279.873,150000000,0.104,low_ul
lre1,lrov,1946278.104,1985279.873,1000000000,0.104,high_dl
lre2,lgw,1959564.132,2043783.781,150000000,0.267,prox
lgw,lre2,1959564.132,2043783.781,150000000,0.267,prox
lgw,lre2,1959564.132,2043783.781,150000000,0.267,prox
lre2,lgw,1959564.132,2043783.781,150000000,0.267,prox
lrov,lre2,1960882.331,2006234.599,150000000,0.060,low_ul
lre2,lrov,1960882.331,2006234.599,1000000000,0.060,high_dl
lb,lre2,1966237.814,2037485.943,150000000,0.073,low_ul
lre2,lb,1966237.814,2037485.943,1000000000,0.073,high_dl
lgs3,lb,1967280.971,2006681.649,50000000,1.311,dwe_ul
lb,lgs3,1967280.971,2006681.649,250000000,1.311,dwe_dl
lgs3,lre2,1967321.413,2006879.781,300000000,1.333,low_ul
lre2,lgs3,1967321.413,2006879.781,100000000,1.333,high_dl
lgs3,lre1,1967567.287,2006281.720,300000000,1.337,low_ul
lre1,lgs3,1967567.287,2006281.720,100000000,1.337,high_dl
lgs3,lgw,1969842.411,2006537.830,300000000,1.368,low_ul
lgw,lgs3,1969842.411,2006537.830,100000000,1.368,high_dl
lre1,lgw,1988287.007,2073093.401,150000000,0.280,prox
lgw,lre1,1988287.007,2073093.401,150000000,0.280,prox
lgw,lre1,1988287.007,2073093.401,150000000,0.280,prox
lre1,lgw,1988287.007,2073093.401,150000000,0.280,prox
lb,lre1,1994233.179,2065670.970,150000000,0.072,low_ul
lre1,lb,1994233.179,2065670.970,1000000000,0.072,high_dl
lgs1,lre1,1999586.408,2036379.187,300000000,1.290,low_ul
lre1,lgs1,1999586.408,2036379.187,100000000,1.290,high_dl
lgs1,lb,1999876.574,2036049.781,50000000,1.307,dwe_ul
lb,lgs1,1999876.574,2036049.781,250000000,1.307,dwe_dl
lgs1,lgw,1999926.080,2038564.195,300000000,1.369,low_ul
lgw,lgs1,1999926.080,2038564.195,100000000,1.369,high_dl
lgs2,lb,2027765.004,2068896.408,50000000,1.303,dwe_ul
lb,lgs2,2027765.004,2068896.408,250000000,1.303,dwe_dl
lgs2,lre2,2028242.308,2068767.290,300000000,1.296,low_ul
lre2,lgs2,2028242.308,2068767.290,100000000,1.296,high_dl
lgs2,lgw,2030694.699,2068075.795,300000000,1.368,low_ul
lgw,lgs2,2030694.699,2068075.795,1000000000,1.368,high_dl
lrov,lre1,2038044.459,2071960.193,150000000,0.103,low_ul
lre1,lrov,2038044.459,2071960.193,1000000000,0.103,high_dl
lre2,lgw,2045834.074,2130098.131,150000000,0.293,prox
lgw,lre2,2045834.074,2130098.131,150000000,0.293,prox
lgw,lre2,2045834.074,2130098.131,150000000,0.293,prox
lre2,lgw,2045834.074,2130098.131,150000000,0.293,prox
lrov,lre2,2048007.207,2100312.081,150000000,0.062,low_ul
lre2,lrov,2048007.207,2100312.081,1000000000,0.062,high_dl
lb,lre2,2052661.654,2123909.050,150000000,0.073,low_ul
lre2,lb,2052661.654,2123909.050,1000000000,0.073,high_dl
lgs3,lb,2055329.489,2097018.995,50000000,1.300,dwe_ul
lb,lgs3,2055329.489,2097018.995,250000000,1.300,dwe_dl
lgs3,lre2,2055384.266,2097200.818,300000000,1.322,low_ul
lre2,lgs3,2055384.266,2097200.818,100000000,1.322,high_dl
lgs3,lre1,2055552.169,2067700.463,300000000,1.325,low_ul
lre1,lgs3,2055552.169,2067700.463,100000000,1.325,high_dl
lgs3,lgw,2057918.676,2096366.898,300000000,1.366,low_ul
lgw,lgs3,2057918.676,2096366.898,100000000,1.366,high_dl
lgs3,lre1,2070736.124,2096615.663,300000000,1.296,low_ul
lre1,lgs3,2070736.124,2096615.663,100000000,1.296,high_dl
lre1,lgw,2074751.091,2159367.200,150000000,0.296,prox
lgw,lre1,2074751.091,2159367.200,150000000,0.296,prox
lgw,lre1,2074751.091,2159367.200,150000000,0.296,prox
lre1,lgw,2074751.091,2159367.200,150000000,0.296,prox
lb,lre1,2080625.915,2152049.815,150000000,0.072,low_ul
lre1,lb,2080625.915,2152049.815,1000000000,0.072,high_dl
lgs1,lgw,2089612.891,2126575.435,300000000,1.361,low_ul
lgw,lgs1,2089612.891,2126575.435,100000000,1.361,high_dl
lgs1,lre1,2089875.720,2124561.829,300000000,1.276,low_ul
lre1,lgs1,2089875.720,2124561.829,100000000,1.276,high_dl
lgs1,lb,2090195.993,2124236.080,50000000,1.296,dwe_ul
lb,lgs1,2090195.993,2124236.080,250000000,1.296,dwe_dl
lgs2,lb,2115738.649,2159539.538,50000000,1.293,dwe_ul
lb,lgs2,2115738.649,2159539.538,250000000,1.293,dwe_dl
lgs2,lre2,2116201.786,2159324.838,300000000,1.290,low_ul
lre2,lgs2,2116201.786,2159324.838,100000000,1.290,high_dl
lgs2,lgw,2118416.079,2158202.468,300000000,1.356,low_ul
lgw,lgs2,2118416.079,2158202.468,1000000000,1.356,high_dl
lrov,lre1,2129908.926,2158547.121,150000000,0.100,low_ul
lre1,lrov,2129908.926,2158547.121,1000000000,0.100,high_dl
lre2,lgw,2132076.738,2216299.355,150000000,0.287,prox
lgw,lre2,2132076.738,2216299.355,150000000,0.287,prox
lgw,lre2,2132076.738,2216299.355,150000000,0.287,prox
lre2,lgw,2132076.738,2216299.355,150000000,0.287,prox
lrov,lre2,2135664.208,2195253.056,150000000,0.065,low_ul
lre2,lrov,2135664.208,2195253.056,1000000000,0.065,high_dl
lb,lre2,2139086.860,2210329.568,150000000,0.073,low_ul
lre2,lb,2139086.860,2210329.568,1000000000,0.073,high_dl
lgs3,lb,2143612.428,2187472.297,50000000,1.290,dwe_ul
lb,lgs3,2143612.428,2187472.297,250000000,1.290,dwe_dl
lgs3,lre2,2143674.434,2187619.684,300000000,1.311,low_ul
lre2,lgs3,2143674.434,2187619.684,100000000,1.311,high_dl
lgs3,lre1,2143761.604,2154283.518,300000000,1.312,low_ul
lre1,lgs3,2143761.604,2154283.518,100000000,1.312,high_dl
lgs3,lgw,2145792.496,2186339.799,300000000,1.349,low_ul
lgw,lgs3,2145792.496,2186339.799,100000000,1.349,high_dl
lgs3,lre1,2157841.918,2187051.645,300000000,1.285,low_ul
lre1,lgs3,2157841.918,2187051.645,100000000,1.285,high_dl
lre1,lgw,2161272.347,2245719.786,150000000,0.278,prox
lgw,lre1,2161272.347,2245719.786,150000000,0.278,prox
lgw,lre1,2161272.347,2245719.786,150000000,0.278,prox
lre1,lgw,2161272.347,2245719.786,150000000,0.278,prox
lb,lre1,2167013.996,2238425.622,150000000,0.072,low_ul
lre1,lb,2167013.996,2238425.622,1000000000,0.072,high_dl
lgs1,lgw,2179509.263,2214394.678,300000000,1.339,low_ul
lgw,lgs1,2179509.263,2214394.678,100000000,1.339,high_dl
lgs1,lre1,2180385.566,2212950.081,300000000,1.264,low_ul
lre1,lgs1,2180385.566,2212950.081,100000000,1.264,high_dl
lgs1,lb,2180750.369,2212635.724,50000000,1.286,dwe_ul
lb,lgs1,2180750.369,2212635.724,250000000,1.286,dwe_dl
lgs2,lb,2204034.741,2250293.951,50000000,1.283,dwe_ul
lb,lgs2,2204034.741,2250293.951,250000000,1.283,dwe_dl
lgs2,lre2,2204476.465,2249971.562,300000000,1.285,low_ul
lre2,lgs2,2204476.465,2249971.562,100000000,1.285,high_dl
lgs2,lgw,2206001.233,2248698.648,300000000,1.330,low_ul
lgw,lgs2,2206001.233,2248698.648,1000000000,1.330,high_dl
lre2,lgw,2218279.251,2302102.433,150000000,0.246,prox
lgw,lre2,2218279.251,2302102.433,150000000,0.246,prox
lgw,lre2,2218279.251,2302102.433,150000000,0.246,prox
lre2,lgw,2218279.251,2302102.433,150000000,0.246,prox
lrov,lre1,2222078.800,2245061.662,150000000,0.096,low_ul
lre1,lrov,2222078.800,2245061.662,1000000000,0.096,high_dl
lrov,lre2,2224477.643,2289956.115,150000000,0.071,low_ul
lre2,lrov,2224477.643,2289956.115,1000000000,0.071,high_dl
lb,lre2,2225512.126,2296746.469,150000000,0.073,low_ul
lre2,lb,2225512.126,2296746.469,1000000000,0.073,high_dl
lgs3,lb,2232241.320,2278054.110,50000000,1.280,dwe_ul
lb,lgs3,2232241.320,2278054.110,250000000,1.280,dwe_dl
lgs3,lre1,2232299.921,2241733.820,300000000,1.300,low_ul
lre1,lgs3,2232299.921,2241733.820,100000000,1.300,high_dl
lgs3,lre2,2232301.547,2278148.973,300000000,1.299,low_ul
lre2,lgs3,2232301.547,2278148.973,100000000,1.299,high_dl
lgs3,lgw,2233596.365,2276758.904,300000000,1.320,low_ul
lgw,lgs3,2233596.365,2276758.904,100000000,1.320,high_dl
lgs3,lre1,2244518.671,2277598.086,300000000,1.277,low_ul
lre1,lgs3,2244518.671,2277598.086,100000000,1.277,high_dl
lre1,lgw,2247886.645,2332357.844,150000000,0.225,prox
lgw,lre1,2247886.645,2332357.844,150000000,0.225,prox
lgw,lre1,2247886.645,2332357.844,150000000,0.225,prox
lre1,lgw,2247886.645,2332357.844,150000000,0.225,prox
lb,lre1,2253398.061,2324799.622,150000000,0.072,low_ul
lre1,lb,2253398.061,2324799.622,1000000000,0.072,high_dl
lgs1,lgw,2269972.665,2302019.148,300000000,1.305,low_ul
lgw,lgs1,2269972.665,2302019.148,100000000,1.305,high_dl
lgs1,lre1,2271094.575,2301684.298,300000000,1.253,low_ul
lre1,lgs1,2271094.575,2301684.298,100000000,1.253,high_dl
lgs1,lb,2271527.216,2301401.871,50000000,1.277,dwe_ul
lb,lgs1,2271527.216,2301401.871,250000000,1.277,dwe_dl
lgs2,lb,2292780.853,2341096.092,50000000,1.275,dwe_ul
lb,lgs2,2292780.853,2341096.092,250000000,1.275,dwe_dl
lgs2,lre2,2293179.678,2340649.047,300000000,1.281,low_ul
lre2,lgs2,2293179.678,2340649.047,100000000,1.281,high_dl
lgs2,lgw,2293516.442,2340511.587,300000000,1.294,low_ul
lgw,lgs2,2293516.442,2340511.587,1000000000,1.294,high_dl
lre2,lgw,2304314.074,2350682.899,150000000,0.160,prox
lgw,lre2,2304314.074,2350682.899,150000000,0.160,prox
lgw,lre2,2304314.074,2350682.899,150000000,0.160,prox
lre2,lgw,2304314.074,2350682.899,150000000,0.160,prox
lb,lre2,2311936.142,2383158.918,150000000,0.073,low_ul
lre2,lb,2311936.142,2383158.918,1000000000,0.073,high_dl
lrov,lre1,2314639.762,2331501.021,150000000,0.090,low_ul
lre1,lrov,2314639.762,2331501.021,1000000000,0.090,high_dl
lrov,lre2,2315628.109,2382297.391,150000000,0.080,low_ul
lre2,lrov,2315628.109,2382297.391,1000000000,0.080,high_dl
lgs3,lre1,2321278.575,2329792.463,300000000,1.289,low_ul
lre1,lgs3,2321278.575,2329792.463,100000000,1.289,high_dl
lgs3,lb,2321330.716,2368690.201,50000000,1.273,dwe_ul
lb,lgs3,2321330.716,2368690.201,250000000,1.273,dwe_dl
lgs3,lre2,2321375.866,2368721.299,300000000,1.288,low_ul
lre2,lgs3,2321375.866,2368721.299,100000000,1.288,high_dl
lgs3,lgw,2321414.507,2369083.770,300000000,1.282,low_ul
lgw,lgs3,2321414.507,2369083.770,100000000,1.282,high_dl
lgs3,lre1,2330769.327,2368186.302,300000000,1.273,low_ul
lre1,lgs3,2330769.327,2368186.302,100000000,1.273,high_dl
lre1,lgw,2334896.784,2592000.000,150000000,0.111,prox
lgw,lre1,2334896.784,2592000.000,150000000,0.111,prox
lgw,lre1,2334896.784,2592000.000,150000000,0.111,prox
lre1,lgw,2334896.784,2592000.000,150000000,0.111,prox
lb,lre1,2339778.955,2411173.141,150000000,0.072,low_ul
lre1,lb,2339778.955,2411173.141,1000000000,0.072,high_dl
lre2,lgw,2352697.547,2390654.451,150000000,0.115,prox
lgw,lre2,2352697.547,2390654.451,150000000,0.115,prox
lgw,lre2,2352697.547,2390654.451,150000000,0.115,prox
lre2,lgw,2352697.547,2390654.451,150000000,0.115,prox
lb,lgw,2360731.207,2592000.000,150000000,0.080,low_ul
lgw,lb,2360731.207,2592000.000,1000000000,0.080,high_dl
lgs1,lre1,2361870.899,2390918.208,300000000,1.245,low_ul
lre1,lgs1,2361870.899,2390918.208,100000000,1.245,high_dl
lgs1,lb,2362387.783,2390706.629,50000000,1.270,dwe_ul
lb,lgs1,2362387.783,2390706.629,250000000,1.270,dwe_dl
lgs1,lgw,2362771.441,2392219.859,300000000,1.273,low_ul
lgw,lgs1,2362771.441,2392219.859,100000000,1.273,high_dl
lgs2,lb,2382098.127,2431767.635,50000000,1.269,dwe_ul
lb,lgs2,2382098.127,2431767.635,250000000,1.269,dwe_dl
lgs2,lre2,2382413.378,2431198.872,300000000,1.278,low_ul
lre2,lgs2,2382413.378,2431198.872,100000000,1.278,high_dl
lgs2,lgw,2383320.163,2431288.260,300000000,1.278,low_ul
lgw,lgs2,2383320.163,2431288.260,1000000000,1.278,high_dl
lre2,lgw,2392853.727,2476608.255,150000000,0.154,prox
lgw,lre2,2392853.727,2476608.255,150000000,0.154,prox
lgw,lre2,2392853.727,2476608.255,150000000,0.154,prox
lre2,lgw,2392853.727,2476608.255,150000000,0.154,prox
lb,lre2,2398357.659,2469566.299,150000000,0.073,low_ul
lre2,lb,2398357.659,2469566.299,1000000000,0.073,high_dl
lrov,lre1,2407447.925,2417819.203,150000000,0.080,low_ul
lre1,lrov,2407447.925,2417819.203,1000000000,0.080,high_dl
lrov,lre2,2409784.623,2471915.596,150000000,0.091,low_ul
lre2,lrov,2409784.623,2471915.596,1000000000,0.091,high_dl
lgs3,lre1,2410791.317,2458655.497,300000000,1.280,low_ul
lre1,lgs3,2410791.317,2458655.497,100000000,1.280,high_dl
lgs3,lb,2410961.857,2459202.390,50000000,1.268,dwe_ul
lb,lgs3,2410961.857,2459202.390,250000000,1.268,dwe_dl
lgs3,lre2,2410973.614,2459175.184,300000000,1.279,low_ul
lre2,lgs3,2410973.614,2459175.184,100000000,1.279,high_dl
lgs3,lgw,2412582.411,2458618.763,300000000,1.287,low_ul
lgw,lgs3,2412582.411,2458618.763,100000000,1.287,high_dl
lrov,lgw,2413328.589,2592000.000,150000000,0.170,low_ul
lgw,lrov,2413328.589,2592000.000,1000000000,0.170,high_dl
lb,lre1,2426157.683,2497547.532,150000000,0.072,low_ul
lre1,lb,2426157.683,2497547.532,1000000000,0.072,high_dl
lgs1,lgw,2452116.514,2483170.618,300000000,1.299,low_ul
lgw,lgs1,2452116.514,2483170.618,100000000,1.299,high_dl
lgs1,lre1,2452462.198,2480759.567,300000000,1.240,low_ul
lre1,lgs1,2452462.198,2480759.567,100000000,1.240,high_dl
lgs1,lb,2453050.020,2480668.656,50000000,1.266,dwe_ul
lb,lgs1,2453050.020,2480668.656,250000000,1.266,dwe_dl
lgs2,lb,2472039.967,2522061.392,50000000,1.266,dwe_ul
lb,lgs2,2472039.967,2522061.392,250000000,1.266,dwe_dl
lgs2,lre2,2472211.866,2521401.728,300000000,1.275,low_ul
lre2,lgs2,2472211.866,2521401.728,100000000,1.275,high_dl
lgs2,lgw,2474364.966,2520341.504,300000000,1.306,low_ul
lgw,lgs2,2474364.966,2520341.504,1000000000,1.306,high_dl
lre2,lgw,2478541.579,2562794.484,150000000,0.243,prox
lgw,lre2,2478541.579,2562794.484,150000000,0.243,prox
lgw,lre2,2478541.579,2562794.484,150000000,0.243,prox
lre2,lgw,2478541.579,2562794.484,150000000,0.243,prox
lb,lre2,2484775.549,2555968.240,150000000,0.073,low_ul
lre2,lb,2484775.549,2555968.240,1000000000,0.073,high_dl
lrov,lre1,2500152.918,2503703.525,150000000,0.068,low_ul
lre1,lrov,2500152.918,2503703.525,1000000000,0.068,high_dl
lgs3,lre1,2500874.508,2548799.252,300000000,1.275,low_ul
lre1,lgs3,2500874.508,2548799.252,100000000,1.275,high_dl
lgs3,lre2,2501079.407,2549303.627,300000000,1.274,low_ul
lre2,lgs3,2501079.407,2549303.627,100000000,1.274,high_dl
lgs3,lb,2501119.973,2549364.411,50000000,1.266,dwe_ul
lb,lgs3,2501119.973,2549364.411,250000000,1.266,dwe_dl
lgs3,lgw,2503109.985,2547723.346,300000000,1.313,low_ul
lgw,lgs3,2503109.985,2547723.346,100000000,1.313,high_dl
lrov,lre2,2505189.632,2559956.007,150000000,0.099,low_ul
lre2,lrov,2505189.632,2559956.007,1000000000,0.099,high_dl
lb,lre1,2512535.350,2583924.108,150000000,0.071,low_ul
lre1,lb,2512535.350,2583924.108,1000000000,0.071,high_dl
lgs1,lgw,2541109.996,2573391.658,300000000,1.322,low_ul
lgw,lgs1,2541109.996,2573391.658,100000000,1.322,high_dl
lgs1,lre1,2542594.658,2571168.580,300000000,1.240,low_ul
lre1,lgs1,2542594.658,2571168.580,100000000,1.240,high_dl
lgs1,lb,2543206.742,2571226.317,50000000,1.266,dwe_ul
lb,lgs1,2543206.742,2571226.317,250000000,1.266,dwe_dl
lgs2,lre2,2562473.417,2592000.000,300000000,1.268,low_ul
lre2,lgs2,2562473.417,2592000.000,100000000,1.268,high_dl
lgs2,lb,2562517.916,2592000.000,50000000,1.267,dwe_ul
lb,lgs2,2562517.916,2592000.000,250000000,1.267,dwe_dl
lgs2,lgw,2564635.031,2592000.000,300000000,1.326,low_ul
lgw,lgs2,2564635.031,2592000.000,1000000000,1.326,high_dl
lre2,lgw,2564740.771,2592000.000,150000000,0.285,prox
lgw,lre2,2564740.771,2592000.000,150000000,0.285,prox
lgw,lre2,2564740.771,2592000.000,150000000,0.285,prox
lre2,lgw,2564740.771,2592000.000,150000000,0.285,prox
lb,lre2,2571188.864,2592000.000,150000000,0.073,low_ul
lre2,lb,2571188.864,2592000.000,1000000000,0.073,high_dl
lgs3,lre1,2591540.095,2592000.000,300000000,1.274,low_ul
lre1,lgs3,2591540.095,2592000.000,100000000,1.274,high_dl
lgs3,lre2,2591551.324,2592000.000,300000000,1.273,low_ul
lre2,lgs3,2591551.324,2592000.000,100000000,1.273,high_dl
lgs3,lb,2591654.010,2592000.000,50000000,1.268,dwe_ul
lb,lgs3,2591654.010,2592000.000,250000000,1.268,dwe_dl
