source,destination,contact_start(s),contact_end(s),data_rate(bps),delay(s),link_type 
eogs1,eomcc,0,-1,100000000,0.150,eth
eogs1,eopcc,0,-1,100000000,0.150,eth
eogs2,eomcc,0,-1,100000000,0.150,eth
eogs2,eopcc,0,-1,1000000000,0.010,fiber
eomcc,eogs1,0,-1,100000000,0.150,eth
eomcc,eogs2,0,-1,100000000,0.150,eth
eomcc,eopcc,0,-1,100000000,0.150,eth
eopcc,eogs1,0,-1,100000000,0.150,eth
eopcc,eogs2,0,-1,1000000000,0.010,fiber
eopcc,eomcc,0,-1,100000000,0.150,eth
eogs1,eosat,1271.538,1706.279,64000,0.057,low_ul
eosat,eogs1,1271.538,1706.279,8000000,0.057,low_dl
eosat,eogs2,9685.855,10098.031,10000000000,0.057,high_dl
eosat,eogs1,24608.805,25084.270,8000000,0.057,low_dl
eogs1,eosat,24608.805,25084.270,64000,0.057,low_ul
eosat,eogs1,47645.816,48108.653,8000000,0.057,low_dl
eogs1,eosat,47645.816,48108.653,64000,0.057,low_ul
eosat,eogs2,50963.519,51329.078,10000000000,0.057,high_dl
eogs1,eosat,70987.399,71434.973,64000,0.057,low_ul
eosat,eogs1,70987.399,71434.973,8000000,0.057,low_dl
eosat,eogs1,94557.260,95066.516,8000000,0.057,low_dl
eogs1,eosat,94557.260,95066.516,64000,0.057,low_ul
eosat,eogs2,97083.161,97527.717,10000000000,0.057,high_dl
eogs1,eosat,117825.747,118223.920,64000,0.057,low_ul
eosat,eogs1,117825.747,118223.920,8000000,0.057,low_dl
eosat,eogs2,138388.007,138794.521,10000000000,0.057,high_dl
eosat,eogs1,140822.989,141348.602,8000000,0.057,low_dl
eogs1,eosat,140822.989,141348.602,64000,0.057,low_ul
eosat,eogs1,164367.648,164754.460,8000000,0.057,low_dl
eogs1,eosat,164367.648,164754.460,64000,0.057,low_ul
eosat,eogs2,184484.958,184956.916,10000000000,0.057,high_dl
eogs1,eosat,187821.117,188356.847,64000,0.057,low_ul
eosat,eogs1,187861.117,188356.847,8000000,0.057,low_dl
eosat,eogs1,210996.657,211374.048,8000000,0.057,low_dl
eogs1,eosat,210996.657,211374.048,64000,0.057,low_ul
eosat,eogs2,225813.344,226254.691,10000000000,0.057,high_dl
eosat,eogs1,234076.189,234605.427,8000000,0.057,low_dl
eogs1,eosat,234076.189,234605.427,64000,0.057,low_ul
eosat,eogs1,257711.149,258124.567,8000000,0.057,low_dl
eogs1,eosat,257711.149,258124.567,64000,0.057,low_ul
eosat,eogs2,271891.296,272385.736,10000000000,0.057,high_dl
eogs1,eosat,281069.294,281565.569,64000,0.057,low_ul
eosat,eogs1,281069.294,281565.569,8000000,0.057,low_dl
eosat,eogs1,304133.124,304572.542,8000000,0.057,low_dl
eogs1,eosat,304133.124,304572.542,64000,0.057,low_ul
eosat,eogs2,313239.283,313709.703,10000000000,0.057,high_dl
eogs1,eosat,327409.010,327879.714,64000,0.057,low_ul
eosat,eogs1,327409.010,327879.714,8000000,0.057,low_dl
eogs1,eosat,351056.391,351497.065,64000,0.057,low_ul
eosat,eogs1,351056.391,351497.065,8000000,0.057,low_dl
eosat,eogs2,353589.191,353979.019,10000000000,0.057,high_dl
eogs1,eosat,374295.618,374713.964,64000,0.057,low_ul
eosat,eogs1,374295.618,374713.964,8000000,0.057,low_dl
eogs1,eosat,397293.610,397806.027,64000,0.057,low_ul
eosat,eogs1,397293.610,397806.027,8000000,0.057,low_dl
eosat,eogs2,400665.676,401159.620,10000000000,0.057,high_dl
eogs1,eosat,420788.044,421185.608,64000,0.057,low_ul
eosat,eogs1,420788.044,421185.608,8000000,0.057,low_dl
eosat,eogs2,440983.756,441409.080,10000000000,0.057,high_dl
eosat,eogs1,444275.306,444810.295,8000000,0.057,low_dl
eogs1,eosat,444275.306,444810.295,64000,0.057,low_ul
eosat,eogs1,467481.215,467854.778,8000000,0.057,low_dl
eogs1,eosat,467481.215,467685.000,64000,0.057,low_ul
eogs1,eosat,467689.000,467793.000,64000,0.057,low_ul
eogs1,eosat,467794.000,467832.000,64000,0.057,low_ul
eogs1,eosat,467836.000,467836.000,64000,0.057,low_ul
eogs1,eosat,467840.000,467846.000,64000,0.057,low_ul
eogs1,eosat,467849.000,467852.000,64000,0.057,low_ul
eogs1,eosat,467854.000,467854.778,64000,0.057,low_ul
eosat,eogs2,482272.365,482654.555,10000000000,0.057,high_dl
eosat,eogs1,490523.206,491058.456,8000000,0.057,low_dl
eogs1,eosat,490523.206,491058.456,64000,0.057,low_ul
eosat,eogs1,514146.601,514543.079,8000000,0.057,low_dl
eogs1,eosat,514146.601,514543.079,64000,0.057,low_ul
eosat,eogs2,528382.799,528473.000,10000000000,0.057,high_dl
eosat,eogs2,528474.000,528744.000,10000000000,0.057,high_dl
eosat,eogs2,528746.000,528811.000,10000000000,0.057,high_dl
eosat,eogs2,528815.000,528833.000,10000000000,0.057,high_dl
eosat,eogs2,528835.000,528838.562,10000000000,0.057,high_dl
eosat,eogs1,537528.076,538041.673,8000000,0.057,low_dl
eogs1,eosat,537528.076,538041.673,64000,0.057,low_ul
eosat,eogs1,560622.585,561039.262,8000000,0.057,low_dl
eogs1,eosat,560622.585,561039.262,64000,0.057,low_ul
eosat,eogs2,569697.221,570117.935,10000000000,0.057,high_dl
eogs1,eosat,583834.733,584326.959,64000,0.057,low_ul
eosat,eogs1,583834.733,584326.959,8000000,0.057,low_dl
eogs1,eosat,607453.464,607693.000,64000,0.057,low_ul
eogs1,eosat,607695.000,607913.000,64000,0.057,low_ul
eogs1,eosat,607917.000,607922.427,64000,0.057,low_ul
eosat,eogs1,607453.464,607922.427,8000000,0.057,low_dl
eosat,eogs2,615786.350,616267.605,10000000000,0.057,high_dl
eogs1,eosat,630762.100,631203.315,64000,0.057,low_ul
eosat,eogs1,630762.100,631203.315,8000000,0.057,low_dl
eogs1,eosat,653770.141,654264.931,64000,0.057,low_ul
eosat,eogs1,653770.141,654264.931,8000000,0.057,low_dl
eosat,eogs2,657122.814,657576.097,10000000000,0.057,high_dl
eosat,eogs1,677206.473,677621.400,8000000,0.057,low_dl
eogs1,eosat,677206.473,677621.400,64000,0.057,low_ul
eosat,eogs2,697494.216,697859.707,10000000000,0.057,high_dl
eogs1,eosat,700728.237,701256.783,64000,0.057,low_ul
eosat,eogs1,700728.237,701256.783,8000000,0.057,low_dl
eosat,eogs1,723961.608,724339.628,8000000,0.057,low_dl
eogs1,eosat,723961.608,724339.628,64000,0.057,low_ul
eosat,eogs2,744548.943,745029.129,10000000000,0.057,high_dl
eosat,eogs1,746977.191,747512.740,8000000,0.057,low_dl
eogs1,eosat,746977.191,747512.740,64000,0.057,low_ul
eogs1,eosat,770577.384,770963.698,64000,0.057,low_ul
eosat,eogs1,770577.384,770963.698,8000000,0.057,low_dl
eosat,eogs2,784886.031,785290.230,10000000000,0.057,high_dl
eosat,eogs1,793985.397,794511.816,8000000,0.057,low_dl
eogs1,eosat,793985.397,794511.816,64000,0.057,low_ul
eosat,eogs1,817112.615,817509.420,8000000,0.057,low_dl
eogs1,eosat,817112.615,817509.420,64000,0.057,low_ul
eosat,eogs2,831975.484,832477.085,10000000000,0.057,high_dl
eogs1,eosat,840265.721,840776.233,64000,0.057,low_ul
eosat,eogs1,840265.721,840776.233,8000000,0.057,low_dl
eosat,eogs1,863897.991,864343.782,8000000,0.057,low_dl
eogs1,eosat,863897.991,864343.782,64000,0.057,low_ul
eosat,eogs2,872282.332,872720.045,10000000000,0.057,high_dl
eosat,eogs1,887225.796,887690.400,8000000,0.057,low_dl
eogs1,eosat,887225.796,887690.400,64000,0.057,low_ul
eogs1,eosat,910251.802,910725.565,64000,0.057,low_ul
eosat,eogs1,910251.802,910624.000,8000000,0.057,low_dl
eosat,eogs1,910627.000,910631.000,8000000,0.057,low_dl
eosat,eogs1,910633.000,910705.000,8000000,0.057,low_dl
eosat,eogs1,910707.000,910725.565,8000000,0.057,low_dl
eosat,eogs2,913581.372,913979.225,10000000000,0.057,high_dl
eosat,eogs1,933624.824,934061.304,8000000,0.057,low_dl
eogs1,eosat,933624.824,934061.304,64000,0.057,low_ul
eosat,eogs1,957179.796,957696.496,8000000,0.057,low_dl
eogs1,eosat,957179.796,957696.496,64000,0.057,low_ul
eosat,eogs2,959683.116,959794.000,10000000000,0.057,high_dl
eosat,eogs2,959797.000,960047.000,10000000000,0.057,high_dl
eosat,eogs2,960050.000,960106.000,10000000000,0.057,high_dl
eosat,eogs2,960109.000,960125.000,10000000000,0.057,high_dl
eosat,eogs2,960128.000,960149.343,10000000000,0.057,high_dl
eosat,eogs1,980437.548,980827.657,8000000,0.057,low_dl
eogs1,eosat,980437.548,980827.657,64000,0.057,low_ul
eosat,eogs2,1001006.544,1001440.568,10000000000,0.057,high_dl
eogs1,eosat,1027003.433,1027387.970,64000,0.057,low_ul
eosat,eogs1,1027003.433,1027387.970,8000000,0.057,low_dl
eosat,eogs2,1047088.429,1047578.241,10000000000,0.057,high_dl
eosat,eogs1,1050441.409,1050975.454,8000000,0.057,low_dl
eogs1,eosat,1050441.409,1050975.454,64000,0.057,low_ul
eosat,eogs1,1073601.543,1073983.604,8000000,0.057,low_dl
eogs1,eosat,1073601.543,1073983.604,64000,0.057,low_ul
eosat,eogs2,1088432.363,1088896.734,10000000000,0.057,high_dl
eosat,eogs1,1096702.803,1097227.186,8000000,0.057,low_dl
eogs1,eosat,1096702.803,1097227.186,64000,0.057,low_ul
eogs1,eosat,1120339.363,1120762.643,64000,0.057,low_ul
eosat,eogs1,1120339.363,1120762.643,8000000,0.057,low_dl
eosat,eogs2,1128789.987,1129171.115,10000000000,0.057,high_dl
eogs1,eosat,1143687.225,1144173.857,64000,0.057,low_ul
eosat,eogs1,1143687.225,1144173.857,8000000,0.057,low_dl
eosat,eogs1,1166737.571,1167188.288,8000000,0.057,low_dl
eogs1,eosat,1166737.571,1167188.288,64000,0.057,low_ul
eosat,eogs2,1175858.664,1176347.793,10000000000,0.057,high_dl
eosat,eogs1,1190044.969,1190504.636,8000000,0.057,low_dl
eogs1,eosat,1190044.969,1190504.636,64000,0.057,low_ul
eogs1,eosat,1213629.783,1214129.864,64000,0.057,low_ul
eosat,eogs1,1213629.783,1214129.864,8000000,0.057,low_dl
eosat,eogs2,1216183.545,1216601.334,10000000000,0.057,high_dl
eosat,eogs1,1236909.268,1237317.440,8000000,0.057,low_dl
eogs1,eosat,1236909.268,1237317.440,64000,0.057,low_ul
eosat,eogs2,1257465.864,1257838.525,10000000000,0.057,high_dl
eosat,eogs1,1259905.661,1260425.026,8000000,0.057,low_dl
eogs1,eosat,1259905.661,1260425.026,64000,0.057,low_ul
eogs1,eosat,1283425.371,1283816.812,64000,0.057,low_ul
eosat,eogs1,1283425.371,1283816.812,8000000,0.057,low_dl
eosat,eogs2,1303581.580,1304030.931,10000000000,0.057,high_dl
eogs1,eosat,1306896.187,1307432.250,64000,0.057,low_ul
eosat,eogs1,1306896.187,1307432.250,8000000,0.057,low_dl
eosat,eogs1,1330087.822,1330462.198,8000000,0.057,low_dl
eogs1,eosat,1330087.822,1330462.198,64000,0.057,low_ul
eosat,eogs2,1344890.514,1345303.098,10000000000,0.057,high_dl
eosat,eogs1,1376776.894,1377180.806,8000000,0.057,low_dl
eogs1,eosat,1376776.894,1377180.806,64000,0.057,low_ul
eosat,eogs2,1390984.112,1391460.063,10000000000,0.057,high_dl
eogs1,eosat,1400146.791,1400652.568,64000,0.057,low_ul
eosat,eogs1,1400146.791,1400652.568,8000000,0.057,low_dl
eosat,eogs1,1423226.185,1423653.575,8000000,0.057,low_dl
eogs1,eosat,1423226.185,1423653.575,64000,0.057,low_ul
eosat,eogs2,1432315.962,1432762.423,10000000000,0.057,high_dl
eosat,eogs1,1446468.550,1446950.745,8000000,0.057,low_dl
eogs1,eosat,1446468.550,1446950.745,64000,0.057,low_ul
eosat,eogs1,1470077.897,1470557.593,8000000,0.057,low_dl
eogs1,eosat,1470077.897,1470557.593,64000,0.057,low_ul
eosat,eogs2,1478391.195,1478888.828,10000000000,0.057,high_dl
eosat,eogs1,1493377.301,1493807.330,8000000,0.057,low_dl
eogs1,eosat,1493377.301,1493807.330,64000,0.057,low_ul
eosat,eogs1,1516379.434,1516883.193,8000000,0.057,low_dl
eogs1,eosat,1516379.434,1516883.193,64000,0.057,low_ul
eosat,eogs2,1519741.983,1520216.603,10000000000,0.057,high_dl
eosat,eogs1,1539844.519,1540250.418,8000000,0.057,low_dl
eogs1,eosat,1539844.519,1540250.418,64000,0.057,low_ul
eosat,eogs2,1560086.435,1560482.392,10000000000,0.057,high_dl
eosat,eogs1,1563349.731,1563882.075,8000000,0.057,low_dl
eogs1,eosat,1563349.731,1563882.075,64000,0.057,low_ul
eogs1,eosat,1586570.291,1586945.148,64000,0.057,low_ul
eosat,eogs1,1586570.291,1586945.148,8000000,0.057,low_dl
eosat,eogs2,1607168.440,1607665.696,10000000000,0.057,high_dl
eogs1,eosat,1609597.145,1610133.268,64000,0.057,low_ul
eosat,eogs1,1609597.145,1610133.268,8000000,0.057,low_dl
eogs1,eosat,1633209.963,1633600.190,64000,0.057,low_ul
eosat,eogs1,1633209.963,1633600.190,8000000,0.057,low_dl
eogs1,eosat,1656604.789,1657125.657,64000,0.057,low_ul
eogs1,eosat,1679716.147,1680122.002,64000,0.057,low_ul
eosat,eogs1,1679716.147,1680122.002,8000000,0.057,low_dl
eosat,eogs2,1688774.782,1689163.660,10000000000,0.057,high_dl
eogs1,eosat,1702896.884,1703399.094,64000,0.057,low_ul
eosat,eogs1,1702896.884,1703399.094,8000000,0.057,low_dl
eogs1,eosat,1726523.716,1726980.704,64000,0.057,low_ul
eosat,eogs1,1726523.716,1726980.704,8000000,0.057,low_dl
eosat,eogs2,1734881.502,1735341.748,10000000000,0.057,high_dl
eogs1,eosat,1749842.265,1750295.688,64000,0.057,low_ul
eosat,eogs1,1749842.265,1750295.688,8000000,0.057,low_dl
eosat,eogs1,1772858.741,1773342.958,8000000,0.057,low_dl
eogs1,eosat,1772858.741,1773342.958,64000,0.057,low_ul
eosat,eogs2,1776199.776,1776626.183,10000000000,0.057,high_dl
eogs1,eosat,1796312.666,1796688.426,64000,0.057,low_ul
eosat,eogs1,1796312.666,1796688.426,8000000,0.057,low_dl
eosat,eogs2,1822285.792,1822770.729,10000000000,0.057,high_dl
eosat,eogs1,1843048.369,1843431.802,8000000,0.057,low_dl
eogs1,eosat,1843048.369,1843431.802,64000,0.057,low_ul
eosat,eogs2,1863625.467,1864083.505,10000000000,0.057,high_dl
eosat,eogs1,1866054.741,1866588.187,8000000,0.057,low_dl
eogs1,eosat,1866054.741,1866588.187,64000,0.057,low_ul
eosat,eogs1,1889638.257,1890022.546,8000000,0.057,low_dl
eogs1,eosat,1889638.257,1890022.546,64000,0.057,low_ul
eosat,eogs2,1903991.010,1904363.167,10000000000,0.057,high_dl
eogs1,eosat,1913061.416,1913592.476,64000,0.057,low_ul
eosat,eogs1,1913061.416,1913592.476,8000000,0.057,low_dl
eogs1,eosat,1936205.811,1936594.186,64000,0.057,low_ul
eosat,eogs1,1936205.811,1936594.186,8000000,0.057,low_dl
eosat,eogs2,1951051.670,1951535.708,10000000000,0.057,high_dl
eogs1,eosat,1959330.953,1959849.276,64000,0.057,low_ul
eosat,eogs1,1959330.953,1959849.276,8000000,0.057,low_dl
eogs1,eosat,1982966.689,1983400.554,64000,0.057,low_ul
eosat,eogs1,1982966.689,1983400.554,8000000,0.057,low_dl
eosat,eogs1,2006304.726,2006781.045,8000000,0.057,low_dl
eogs1,eosat,2029342.678,2029804.626,64000,0.057,low_ul
eosat,eogs1,2029342.678,2029804.626,8000000,0.057,low_dl
eosat,eogs2,2032659.424,2033022.217,10000000000,0.057,high_dl
eosat,eogs1,2052681.728,2053130.197,8000000,0.057,low_dl
eogs1,eosat,2052681.728,2053130.197,64000,0.057,low_ul
eosat,eogs1,2076252.743,2076761.354,8000000,0.057,low_dl
eogs1,eosat,2076252.743,2076761.354,64000,0.057,low_ul
eosat,eogs2,2078780.587,2079223.278,10000000000,0.057,high_dl
eogs1,eosat,2099522.064,2099920.941,64000,0.057,low_ul
eosat,eogs1,2099522.064,2099920.941,8000000,0.057,low_dl
eosat,eogs2,2120083.849,2120487.995,10000000000,0.057,high_dl
eogs1,eosat,2122519.149,2123044.346,64000,0.057,low_ul
eosat,eogs1,2122519.149,2123044.346,8000000,0.057,low_dl
eosat,eogs1,2146062.047,2146124.000,8000000,0.057,low_dl
eosat,eogs1,2146125.000,2146239.000,8000000,0.057,low_dl
eosat,eogs1,2146241.000,2146396.000,8000000,0.057,low_dl
eosat,eogs1,2146397.000,2146417.000,8000000,0.057,low_dl
eosat,eogs1,2146421.000,2146449.124,8000000,0.057,low_dl
eogs1,eosat,2146062.047,2146449.124,64000,0.057,low_ul
eosat,eogs2,2166182.105,2166652.504,10000000000,0.057,high_dl
eogs1,eosat,2169516.784,2170052.591,64000,0.057,low_ul
eosat,eogs1,2169516.784,2170052.591,8000000,0.057,low_dl
eosat,eogs1,2192693.539,2193070.635,8000000,0.057,low_dl
eogs1,eosat,2192693.539,2193070.635,64000,0.057,low_ul
eosat,eogs2,2207509.141,2207948.489,10000000000,0.057,high_dl
eosat,eogs1,2215771.429,2216301.001,8000000,0.057,low_dl
eogs1,eosat,2215771.429,2216301.001,64000,0.057,low_ul
eosat,eogs1,2239406.153,2239818.816,8000000,0.057,low_dl
eogs1,eosat,2239406.153,2239818.816,64000,0.057,low_ul
eosat,eogs2,2253588.159,2254081.345,10000000000,0.057,high_dl
eogs1,eosat,2262765.145,2263262.162,64000,0.057,low_ul
eosat,eogs1,2262765.145,2263262.162,8000000,0.057,low_dl
eogs1,eosat,2285830.098,2286268.614,64000,0.057,low_ul
eosat,eogs1,2285830.098,2286268.614,8000000,0.057,low_dl
eosat,eogs2,2294935.047,2295403.820,10000000000,0.057,high_dl
eogs1,eosat,2309103.472,2309575.047,64000,0.057,low_ul
eosat,eogs1,2309103.472,2309575.047,8000000,0.057,low_dl
eogs1,eosat,2332701.802,2333191.687,64000,0.057,low_ul
eosat,eogs1,2332701.802,2333191.687,8000000,0.057,low_dl
eosat,eogs2,2335287.067,2335674.517,10000000000,0.057,high_dl
eogs1,eosat,2355991.795,2356410.989,64000,0.057,low_ul
eosat,eogs1,2355991.795,2356410.989,8000000,0.057,low_dl
eosat,eogs1,2378990.010,2379501.825,8000000,0.057,low_dl
eogs1,eosat,2378990.010,2379501.825,64000,0.057,low_ul
eosat,eogs2,2382361.415,2382854.053,10000000000,0.057,high_dl
eogs1,eosat,2402482.334,2402880.458,64000,0.057,low_ul
eosat,eogs1,2402482.334,2402880.458,8000000,0.057,low_dl
eosat,eogs2,2422681.354,2423104.621,10000000000,0.057,high_dl
eosat,eogs1,2425970.926,2426505.771,8000000,0.057,low_dl
eogs1,eosat,2425970.926,2426505.771,64000,0.057,low_ul
eogs1,eosat,2449177.951,2449551.533,64000,0.057,low_ul
eosat,eogs1,2449177.951,2449551.533,8000000,0.057,low_dl
eosat,eogs2,2463968.242,2464347.827,10000000000,0.057,high_dl
eogs1,eosat,2472218.713,2472754.080,64000,0.057,low_ul
eosat,eogs1,2472218.713,2472754.080,8000000,0.057,low_dl
eogs1,eosat,2495841.431,2496237.377,64000,0.057,low_ul
eosat,eogs1,2495841.431,2496237.377,8000000,0.057,low_dl
eosat,eogs2,2510080.118,2510534.133,10000000000,0.057,high_dl
eogs1,eosat,2519223.866,2519738.047,64000,0.057,low_ul
eosat,eogs1,2519223.866,2519738.047,8000000,0.057,low_dl
eosat,eogs1,2542319.611,2542735.454,8000000,0.057,low_dl
eogs1,eosat,2542319.611,2542735.454,64000,0.057,low_ul
eosat,eogs2,2551393.042,2551811.536,10000000000,0.057,high_dl
eogs1,eosat,2565529.378,2566022.377,64000,0.057,low_ul
eosat,eogs1,2565529.378,2566022.377,8000000,0.057,low_dl
eosat,eogs1,2589148.785,2589616.869,8000000,0.057,low_dl
eogs1,eosat,2589148.785,2589616.869,64000,0.057,low_ul
